workload,selection_id,estimator,actual_cardinality,estimated_cardinality
JOB,JOB:1a:ct,DuckDB,1,1
JOB,JOB:1a:ct,PostgreSQL,1,1
JOB,JOB:1a:it,DuckDB,1,2
JOB,JOB:1a:it,PostgreSQL,1,1
JOB,JOB:1a:mc,DuckDB,87934,89517
JOB,JOB:1a:mc,PostgreSQL,87934,50824
JOB,JOB:1b:ct,DuckDB,1,1
JOB,JOB:1b:ct,PostgreSQL,1,1
JOB,JOB:1b:it,DuckDB,1,2
JOB,JOB:1b:it,PostgreSQL,1,1
JOB,JOB:1b:mc,DuckDB,257870,89517
JOB,JOB:1b:mc,PostgreSQL,257870,258893
JOB,JOB:1c:ct,DuckDB,1,1
JOB,JOB:1c:ct,PostgreSQL,1,1
JOB,JOB:1c:it,DuckDB,1,2
JOB,JOB:1c:it,PostgreSQL,1,1
JOB,JOB:1c:mc,DuckDB,87934,89517
JOB,JOB:1c:mc,PostgreSQL,87934,50824
JOB,JOB:1c:t,DuckDB,251455,50291
JOB,JOB:1c:t,PostgreSQL,251455,251455
JOB,JOB:1d:ct,DuckDB,1,1
JOB,JOB:1d:ct,PostgreSQL,1,1
JOB,JOB:1d:it,DuckDB,1,2
JOB,JOB:1d:it,PostgreSQL,1,1
JOB,JOB:1d:mc,DuckDB,257870,89517
JOB,JOB:1d:mc,PostgreSQL,257870,258893
JOB,JOB:1d:t,DuckDB,251455,50291
JOB,JOB:1d:t,PostgreSQL,251455,251455
JOB,JOB:2a:cn,DuckDB,4275,180
JOB,JOB:2a:cn,PostgreSQL,4275,4275
JOB,JOB:2a:k,DuckDB,1,1
JOB,JOB:2a:k,PostgreSQL,1,1
JOB,JOB:2b:cn,DuckDB,4275,180
JOB,JOB:2b:cn,PostgreSQL,4275,4275
JOB,JOB:2b:k,DuckDB,1,1
JOB,JOB:2b:k,PostgreSQL,1,1
JOB,JOB:2c:cn,DuckDB,4275,180
JOB,JOB:2c:cn,PostgreSQL,4275,4275
JOB,JOB:2c:k,DuckDB,1,1
JOB,JOB:2c:k,PostgreSQL,1,1
JOB,JOB:2d:cn,DuckDB,4275,180
JOB,JOB:2d:cn,PostgreSQL,4275,4275
JOB,JOB:2d:k,DuckDB,1,1
JOB,JOB:2d:k,PostgreSQL,1,1
JOB,JOB:3a:k,DuckDB,1,2283
JOB,JOB:3a:k,PostgreSQL,1,1
JOB,JOB:3a:mi,DuckDB,25068,496434
JOB,JOB:3a:mi,PostgreSQL,25068,18694
JOB,JOB:3a:t,DuckDB,251455,50291
JOB,JOB:3a:t,PostgreSQL,251455,251455
JOB,JOB:3b:k,DuckDB,1,2283
JOB,JOB:3b:k,PostgreSQL,1,1
JOB,JOB:3b:mi,DuckDB,100000,17
JOB,JOB:3b:mi,PostgreSQL,100000,100031
JOB,JOB:3b:t,DuckDB,251455,50291
JOB,JOB:3b:t,PostgreSQL,251455,251455
JOB,JOB:3c:k,DuckDB,1,2283
JOB,JOB:3c:k,PostgreSQL,1,1
JOB,JOB:3c:mi,DuckDB,36493,496434
JOB,JOB:3c:mi,PostgreSQL,36493,30342
JOB,JOB:3c:t,DuckDB,251455,50291
JOB,JOB:3c:t,PostgreSQL,251455,251455
JOB,JOB:4a:it,DuckDB,1,2
JOB,JOB:4a:it,PostgreSQL,1,1
JOB,JOB:4a:k,DuckDB,15,2283
JOB,JOB:4a:k,PostgreSQL,15,1
JOB,JOB:4a:mi_idx,DuckDB,467979,100634
JOB,JOB:4a:mi_idx,PostgreSQL,260697,259872
JOB,JOB:4a:t,DuckDB,241478,50291
JOB,JOB:4a:t,PostgreSQL,241478,241514
JOB,JOB:4b:it,DuckDB,1,2
JOB,JOB:4b:it,PostgreSQL,1,1
JOB,JOB:4b:k,DuckDB,1,2283
JOB,JOB:4b:k,PostgreSQL,1,1
JOB,JOB:4b:mi_idx,DuckDB,196380,100634
JOB,JOB:4b:mi_idx,PostgreSQL,266022,265075
JOB,JOB:4b:t,DuckDB,251455,50291
JOB,JOB:4b:t,PostgreSQL,251455,251455
JOB,JOB:4c:it,DuckDB,1,2
JOB,JOB:4c:it,PostgreSQL,1,1
JOB,JOB:4c:k,DuckDB,15,2283
JOB,JOB:4c:k,PostgreSQL,15,1
JOB,JOB:4c:mi_idx,DuckDB,501915,100634
JOB,JOB:4c:mi_idx,PostgreSQL,360894,361111
JOB,JOB:4c:t,DuckDB,251455,50291
JOB,JOB:4c:t,PostgreSQL,251455,251455
JOB,JOB:5a:ct,DuckDB,1,1
JOB,JOB:5a:ct,PostgreSQL,1,1
JOB,JOB:5a:mc,DuckDB,87934,89517
JOB,JOB:5a:mc,PostgreSQL,87934,17249
JOB,JOB:5a:mi,DuckDB,115893,496434
JOB,JOB:5a:mi,PostgreSQL,115893,109376
JOB,JOB:5a:t,DuckDB,251455,50291
JOB,JOB:5a:t,PostgreSQL,251455,251455
JOB,JOB:5b:ct,DuckDB,1,1
JOB,JOB:5b:ct,PostgreSQL,1,1
JOB,JOB:5b:mc,DuckDB,87934,89517
JOB,JOB:5b:mc,PostgreSQL,87934,3386
JOB,JOB:5b:mi,DuckDB,100000,496434
JOB,JOB:5b:mi,PostgreSQL,100000,100097
JOB,JOB:5b:t,DuckDB,251455,50291
JOB,JOB:5b:t,PostgreSQL,251455,251455
JOB,JOB:5c:ct,DuckDB,1,1
JOB,JOB:5c:ct,PostgreSQL,1,1
JOB,JOB:5c:mc,DuckDB,87934,89517
JOB,JOB:5c:mc,PostgreSQL,87934,28642
JOB,JOB:5c:mi,DuckDB,127318,496434
JOB,JOB:5c:mi,PostgreSQL,127318,121024
JOB,JOB:5c:t,DuckDB,251455,50291
JOB,JOB:5c:t,PostgreSQL,251455,251455
JOB,JOB:6a:k,DuckDB,1,1
JOB,JOB:6a:k,PostgreSQL,1,1
JOB,JOB:6a:n,DuckDB,1,48000
JOB,JOB:6a:n,PostgreSQL,1,24
JOB,JOB:6a:t,DuckDB,251455,50291
JOB,JOB:6a:t,PostgreSQL,251455,251455
JOB,JOB:6b:k,DuckDB,3,2283
JOB,JOB:6b:k,PostgreSQL,3,8
JOB,JOB:6b:n,DuckDB,1,48000
JOB,JOB:6b:n,PostgreSQL,1,24
JOB,JOB:6b:t,DuckDB,251455,50291
JOB,JOB:6b:t,PostgreSQL,251455,251455
JOB,JOB:6c:k,DuckDB,1,1
JOB,JOB:6c:k,PostgreSQL,1,1
JOB,JOB:6c:n,DuckDB,219305,48000
JOB,JOB:6c:n,PostgreSQL,219305,206061
JOB,JOB:6c:t,DuckDB,241478,50291
JOB,JOB:6c:t,PostgreSQL,241478,241514
JOB,JOB:6d:k,DuckDB,3,2283
JOB,JOB:6d:k,PostgreSQL,3,8
JOB,JOB:6d:n,DuckDB,1,48000
JOB,JOB:6d:n,PostgreSQL,1,24
JOB,JOB:6d:t,DuckDB,251455,50291
JOB,JOB:6d:t,PostgreSQL,251455,251455
JOB,JOB:6e:k,DuckDB,1,1
JOB,JOB:6e:k,PostgreSQL,1,1
JOB,JOB:6e:n,DuckDB,1,48000
JOB,JOB:6e:n,PostgreSQL,1,24
JOB,JOB:6e:t,DuckDB,251455,50291
JOB,JOB:6e:t,PostgreSQL,251455,251455
JOB,JOB:6f:k,DuckDB,3,2283
JOB,JOB:6f:k,PostgreSQL,3,8
JOB,JOB:6f:t,DuckDB,251455,50291
JOB,JOB:6f:t,PostgreSQL,251455,251455
JOB,JOB:7a:an,DuckDB,5,7424
JOB,JOB:7a:an,PostgreSQL,5,4
JOB,JOB:7a:it,DuckDB,1,2
JOB,JOB:7a:it,PostgreSQL,1,1
JOB,JOB:7a:lt,DuckDB,1,2
JOB,JOB:7a:lt,PostgreSQL,1,1
JOB,JOB:7a:n,DuckDB,17503,120000
JOB,JOB:7a:n,PostgreSQL,17503,17712
JOB,JOB:7a:pi,DuckDB,48000,240009
JOB,JOB:7a:pi,PostgreSQL,48000,48434
JOB,JOB:7b:an,DuckDB,1,7424
JOB,JOB:7b:an,PostgreSQL,1,4
JOB,JOB:7b:it,DuckDB,1,2
JOB,JOB:7b:it,PostgreSQL,1,1
JOB,JOB:7b:lt,DuckDB,1,2
JOB,JOB:7b:lt,PostgreSQL,1,1
JOB,JOB:7b:n,DuckDB,7,120000
JOB,JOB:7b:n,PostgreSQL,7,10
JOB,JOB:7b:pi,DuckDB,48000,240009
JOB,JOB:7b:pi,PostgreSQL,48000,48434
JOB,JOB:7c:an,DuckDB,27240,7424
JOB,JOB:7c:an,PostgreSQL,27240,25343
JOB,JOB:7c:it,DuckDB,1,2
JOB,JOB:7c:it,PostgreSQL,1,1
JOB,JOB:7c:lt,DuckDB,4,3
JOB,JOB:7c:lt,PostgreSQL,4,4
JOB,JOB:7c:n,DuckDB,22062,9600
JOB,JOB:7c:n,PostgreSQL,22062,21460
JOB,JOB:7c:pi,DuckDB,240000,288010
JOB,JOB:7c:pi,PostgreSQL,240000,241448
JOB,JOB:8a:ci,DuckDB,26369,845
JOB,JOB:8a:ci,PostgreSQL,26369,24377
JOB,JOB:8a:cn,DuckDB,4275,180
JOB,JOB:8a:cn,PostgreSQL,4275,4275
JOB,JOB:8a:mc,DuckDB,87934,89517
JOB,JOB:8a:mc,PostgreSQL,87934,49021
JOB,JOB:8a:n1,DuckDB,1,48000
JOB,JOB:8a:n1,PostgreSQL,1,24
JOB,JOB:8a:rt,DuckDB,1,1
JOB,JOB:8a:rt,PostgreSQL,1,1
JOB,JOB:8b:ci,DuckDB,100000,845
JOB,JOB:8b:ci,PostgreSQL,100000,104607
JOB,JOB:8b:cn,DuckDB,4275,180
JOB,JOB:8b:cn,PostgreSQL,4275,4275
JOB,JOB:8b:mc,DuckDB,29,89517
JOB,JOB:8b:mc,PostgreSQL,29,1
JOB,JOB:8b:n,DuckDB,1,48000
JOB,JOB:8b:n,PostgreSQL,1,24
JOB,JOB:8b:rt,DuckDB,1,1
JOB,JOB:8b:rt,PostgreSQL,1,1
JOB,JOB:8b:t,DuckDB,1,50291
JOB,JOB:8b:t,PostgreSQL,1,1
JOB,JOB:8c:cn,DuckDB,4275,180
JOB,JOB:8c:cn,PostgreSQL,4275,4275
JOB,JOB:8c:rt,DuckDB,1,1
JOB,JOB:8c:rt,PostgreSQL,1,1
JOB,JOB:8d:cn,DuckDB,4275,180
JOB,JOB:8d:cn,PostgreSQL,4275,4275
JOB,JOB:8d:rt,DuckDB,1,1
JOB,JOB:8d:rt,PostgreSQL,1,1
JOB,JOB:9a:ci,DuckDB,25892,560392
JOB,JOB:9a:ci,PostgreSQL,25892,26053
JOB,JOB:9a:cn,DuckDB,4275,180
JOB,JOB:9a:cn,PostgreSQL,4275,4275
JOB,JOB:9a:mc,DuckDB,87934,89517
JOB,JOB:9a:mc,PostgreSQL,87934,50825
JOB,JOB:9a:n,DuckDB,1,120000
JOB,JOB:9a:n,PostgreSQL,1,13
JOB,JOB:9a:rt,DuckDB,1,1
JOB,JOB:9a:rt,PostgreSQL,1,1
JOB,JOB:9b:ci,DuckDB,26369,845
JOB,JOB:9b:ci,PostgreSQL,26369,24377
JOB,JOB:9b:cn,DuckDB,4275,180
JOB,JOB:9b:cn,PostgreSQL,4275,4275
JOB,JOB:9b:mc,DuckDB,87934,89517
JOB,JOB:9b:mc,PostgreSQL,87934,17249
JOB,JOB:9b:n,DuckDB,1,120000
JOB,JOB:9b:n,PostgreSQL,1,11
JOB,JOB:9b:rt,DuckDB,1,1
JOB,JOB:9b:rt,PostgreSQL,1,1
JOB,JOB:9c:ci,DuckDB,51584,560392
JOB,JOB:9c:ci,PostgreSQL,51584,52487
JOB,JOB:9c:cn,DuckDB,4275,180
JOB,JOB:9c:cn,PostgreSQL,4275,4275
JOB,JOB:9c:n,DuckDB,4062,120000
JOB,JOB:9c:n,PostgreSQL,4062,5454
JOB,JOB:9c:rt,DuckDB,1,1
JOB,JOB:9c:rt,PostgreSQL,1,1
JOB,JOB:9d:ci,DuckDB,52260,560392
JOB,JOB:9d:ci,PostgreSQL,52260,50339
JOB,JOB:9d:cn,DuckDB,4275,180
JOB,JOB:9d:cn,PostgreSQL,4275,4275
JOB,JOB:9d:n,DuckDB,124894,120000
JOB,JOB:9d:n,PostgreSQL,124894,125088
JOB,JOB:9d:rt,DuckDB,1,1
JOB,JOB:9d:rt,PostgreSQL,1,1
JOB,JOB:10a:ci,DuckDB,39274,560392
JOB,JOB:10a:ci,PostgreSQL,39274,491
JOB,JOB:10a:cn,DuckDB,4275,180
JOB,JOB:10a:cn,PostgreSQL,4275,4275
JOB,JOB:10a:rt,DuckDB,1,1
JOB,JOB:10a:rt,PostgreSQL,1,1
JOB,JOB:10a:t,DuckDB,245352,50291
JOB,JOB:10a:t,PostgreSQL,245352,245387
JOB,JOB:10b:ci,DuckDB,39274,560392
JOB,JOB:10b:ci,PostgreSQL,39274,37082
JOB,JOB:10b:cn,DuckDB,4275,180
JOB,JOB:10b:cn,PostgreSQL,4275,4275
JOB,JOB:10b:rt,DuckDB,1,1
JOB,JOB:10b:rt,PostgreSQL,1,1
JOB,JOB:10b:t,DuckDB,245352,50291
JOB,JOB:10b:t,PostgreSQL,245352,245387
JOB,JOB:10c:ci,DuckDB,39274,560392
JOB,JOB:10c:ci,PostgreSQL,39274,37082
JOB,JOB:10c:cn,DuckDB,4275,180
JOB,JOB:10c:cn,PostgreSQL,4275,4275
JOB,JOB:10c:t,DuckDB,245352,50291
JOB,JOB:10c:t,PostgreSQL,245352,245387
JOB,JOB:11a:cn,DuckDB,439,1800
JOB,JOB:11a:cn,PostgreSQL,439,181
JOB,JOB:11a:ct,DuckDB,1,1
JOB,JOB:11a:ct,PostgreSQL,1,1
JOB,JOB:11a:k,DuckDB,1,1
JOB,JOB:11a:k,PostgreSQL,1,1
JOB,JOB:11a:lt,DuckDB,2,3
JOB,JOB:11a:lt,PostgreSQL,2,1
JOB,JOB:11a:mc,DuckDB,189716,89517
JOB,JOB:11a:mc,PostgreSQL,189716,188687
JOB,JOB:11b:cn,DuckDB,1,1800
JOB,JOB:11b:cn,PostgreSQL,1,1
JOB,JOB:11b:ct,DuckDB,1,1
JOB,JOB:11b:ct,PostgreSQL,1,1
JOB,JOB:11b:k,DuckDB,1,1
JOB,JOB:11b:k,PostgreSQL,1,1
JOB,JOB:11b:lt,DuckDB,1,3
JOB,JOB:11b:lt,PostgreSQL,1,1
JOB,JOB:11b:mc,DuckDB,189716,89517
JOB,JOB:11b:mc,PostgreSQL,189716,188687
JOB,JOB:11b:t,DuckDB,1,3224
JOB,JOB:11b:t,PostgreSQL,1,1
JOB,JOB:11c:cn,DuckDB,1,1800
JOB,JOB:11c:cn,PostgreSQL,1,1
JOB,JOB:11c:ct,DuckDB,3,1
JOB,JOB:11c:ct,PostgreSQL,3,3
JOB,JOB:11c:k,DuckDB,1,2283
JOB,JOB:11c:k,PostgreSQL,1,3
JOB,JOB:11c:mc,DuckDB,257870,89517
JOB,JOB:11c:mc,PostgreSQL,257870,258899
JOB,JOB:11c:t,DuckDB,251455,50291
JOB,JOB:11c:t,PostgreSQL,251455,251455
JOB,JOB:11d:cn,DuckDB,8908,1800
JOB,JOB:11d:cn,PostgreSQL,8908,8908
JOB,JOB:11d:ct,DuckDB,3,1
JOB,JOB:11d:ct,PostgreSQL,3,3
JOB,JOB:11d:k,DuckDB,1,2283
JOB,JOB:11d:k,PostgreSQL,1,3
JOB,JOB:11d:mc,DuckDB,257870,89517
JOB,JOB:11d:mc,PostgreSQL,257870,258899
JOB,JOB:11d:t,DuckDB,251455,50291
JOB,JOB:11d:t,PostgreSQL,251455,251455
JOB,JOB:12a:cn,DuckDB,4275,180
JOB,JOB:12a:cn,PostgreSQL,4275,4275
JOB,JOB:12a:ct,DuckDB,1,1
JOB,JOB:12a:ct,PostgreSQL,1,1
JOB,JOB:12a:it1,DuckDB,1,2
JOB,JOB:12a:it1,PostgreSQL,1,1
JOB,JOB:12a:it2,DuckDB,1,2
JOB,JOB:12a:it2,PostgreSQL,1,1
JOB,JOB:12a:mi,DuckDB,40275,496434
JOB,JOB:12a:mi,PostgreSQL,40275,39880
JOB,JOB:12a:mi_idx,DuckDB,293522,100634
JOB,JOB:12a:mi_idx,PostgreSQL,47924,48921
JOB,JOB:12b:cn,DuckDB,96,180
JOB,JOB:12b:cn,PostgreSQL,96,96
JOB,JOB:12b:ct,DuckDB,1,1
JOB,JOB:12b:ct,PostgreSQL,1,1
JOB,JOB:12b:it1,DuckDB,1,2
JOB,JOB:12b:it1,PostgreSQL,1,1
JOB,JOB:12b:it2,DuckDB,1,2
JOB,JOB:12b:it2,PostgreSQL,1,1
JOB,JOB:12b:t,DuckDB,1,50291
JOB,JOB:12b:t,PostgreSQL,1,20
JOB,JOB:12c:cn,DuckDB,4275,180
JOB,JOB:12c:cn,PostgreSQL,4275,4275
JOB,JOB:12c:ct,DuckDB,1,1
JOB,JOB:12c:ct,PostgreSQL,1,1
JOB,JOB:12c:it1,DuckDB,1,2
JOB,JOB:12c:it1,PostgreSQL,1,1
JOB,JOB:12c:it2,DuckDB,1,2
JOB,JOB:12c:it2,PostgreSQL,1,1
JOB,JOB:12c:mi,DuckDB,50862,496434
JOB,JOB:12c:mi,PostgreSQL,50862,49543
JOB,JOB:12c:mi_idx,DuckDB,350039,100634
JOB,JOB:12c:mi_idx,PostgreSQL,109650,111285
JOB,JOB:13a:cn,DuckDB,87,180
JOB,JOB:13a:cn,PostgreSQL,87,87
JOB,JOB:13a:ct,DuckDB,1,1
JOB,JOB:13a:ct,PostgreSQL,1,1
JOB,JOB:13a:it,DuckDB,1,2
JOB,JOB:13a:it,PostgreSQL,1,1
JOB,JOB:13a:it2,DuckDB,1,2
JOB,JOB:13a:it2,PostgreSQL,1,1
JOB,JOB:13a:kt,DuckDB,1,1
JOB,JOB:13a:kt,PostgreSQL,1,1
JOB,JOB:13b:cn,DuckDB,4275,180
JOB,JOB:13b:cn,PostgreSQL,4275,4275
JOB,JOB:13b:ct,DuckDB,1,1
JOB,JOB:13b:ct,PostgreSQL,1,1
JOB,JOB:13b:it,DuckDB,1,2
JOB,JOB:13b:it,PostgreSQL,1,1
JOB,JOB:13b:it2,DuckDB,1,2
JOB,JOB:13b:it2,PostgreSQL,1,1
JOB,JOB:13b:kt,DuckDB,1,1
JOB,JOB:13b:kt,PostgreSQL,1,1
JOB,JOB:13c:cn,DuckDB,4275,180
JOB,JOB:13c:cn,PostgreSQL,4275,4275
JOB,JOB:13c:ct,DuckDB,1,1
JOB,JOB:13c:ct,PostgreSQL,1,1
JOB,JOB:13c:it,DuckDB,1,2
JOB,JOB:13c:it,PostgreSQL,1,1
JOB,JOB:13c:it2,DuckDB,1,2
JOB,JOB:13c:it2,PostgreSQL,1,1
JOB,JOB:13c:kt,DuckDB,1,1
JOB,JOB:13c:kt,PostgreSQL,1,1
JOB,JOB:13d:cn,DuckDB,4275,180
JOB,JOB:13d:cn,PostgreSQL,4275,4275
JOB,JOB:13d:ct,DuckDB,1,1
JOB,JOB:13d:ct,PostgreSQL,1,1
JOB,JOB:13d:it,DuckDB,1,2
JOB,JOB:13d:it,PostgreSQL,1,1
JOB,JOB:13d:it2,DuckDB,1,2
JOB,JOB:13d:it2,PostgreSQL,1,1
JOB,JOB:13d:kt,DuckDB,1,1
JOB,JOB:13d:kt,PostgreSQL,1,1
JOB,JOB:14a:it1,DuckDB,1,2
JOB,JOB:14a:it1,PostgreSQL,1,1
JOB,JOB:14a:it2,DuckDB,1,2
JOB,JOB:14a:it2,PostgreSQL,1,1
JOB,JOB:14a:k,DuckDB,4,2283
JOB,JOB:14a:k,PostgreSQL,4,4
JOB,JOB:14a:kt,DuckDB,1,1
JOB,JOB:14a:kt,PostgreSQL,1,1
JOB,JOB:14a:mi,DuckDB,127318,496434
JOB,JOB:14a:mi,PostgreSQL,127318,121024
JOB,JOB:14a:mi_idx,DuckDB,230356,100634
JOB,JOB:14a:mi_idx,PostgreSQL,475954,475433
JOB,JOB:14a:t,DuckDB,251455,50291
JOB,JOB:14a:t,PostgreSQL,251455,251455
JOB,JOB:14b:it1,DuckDB,1,2
JOB,JOB:14b:it1,PostgreSQL,1,1
JOB,JOB:14b:it2,DuckDB,1,2
JOB,JOB:14b:it2,PostgreSQL,1,1
JOB,JOB:14b:k,DuckDB,2,2283
JOB,JOB:14b:k,PostgreSQL,2,2
JOB,JOB:14b:kt,DuckDB,1,1
JOB,JOB:14b:kt,PostgreSQL,1,1
JOB,JOB:14b:mi,DuckDB,29593,496434
JOB,JOB:14b:mi,PostgreSQL,29593,23558
JOB,JOB:14b:mi_idx,DuckDB,418385,100634
JOB,JOB:14b:mi_idx,PostgreSQL,184413,186463
JOB,JOB:14b:t,DuckDB,269,50291
JOB,JOB:14b:t,PostgreSQL,269,957
JOB,JOB:14c:it1,DuckDB,1,2
JOB,JOB:14c:it1,PostgreSQL,1,1
JOB,JOB:14c:it2,DuckDB,1,2
JOB,JOB:14c:it2,PostgreSQL,1,1
JOB,JOB:14c:k,DuckDB,4,456
JOB,JOB:14c:k,PostgreSQL,4,4
JOB,JOB:14c:kt,DuckDB,2,1
JOB,JOB:14c:kt,PostgreSQL,2,2
JOB,JOB:14c:mi,DuckDB,129186,496434
JOB,JOB:14c:mi,PostgreSQL,129186,121024
JOB,JOB:14c:mi_idx,DuckDB,230356,100634
JOB,JOB:14c:mi_idx,PostgreSQL,475954,475433
JOB,JOB:14c:t,DuckDB,251455,50291
JOB,JOB:14c:t,PostgreSQL,251455,251455
JOB,JOB:15a:cn,DuckDB,96,180
JOB,JOB:15a:cn,PostgreSQL,96,96
JOB,JOB:15a:it1,DuckDB,1,2
JOB,JOB:15a:it1,PostgreSQL,1,1
JOB,JOB:15a:mc,DuckDB,87934,89517
JOB,JOB:15a:mc,PostgreSQL,87934,17249
JOB,JOB:15a:mi,DuckDB,5,496434
JOB,JOB:15a:mi,PostgreSQL,5,23
JOB,JOB:15a:t,DuckDB,251455,50291
JOB,JOB:15a:t,PostgreSQL,251455,251455
JOB,JOB:15b:cn,DuckDB,1,1
JOB,JOB:15b:cn,PostgreSQL,1,1
JOB,JOB:15b:it1,DuckDB,1,2
JOB,JOB:15b:it1,PostgreSQL,1,1
JOB,JOB:15b:mc,DuckDB,87934,89517
JOB,JOB:15b:mc,PostgreSQL,87934,17249
JOB,JOB:15b:mi,DuckDB,5,496434
JOB,JOB:15b:mi,PostgreSQL,5,23
JOB,JOB:15c:cn,DuckDB,4275,180
JOB,JOB:15c:cn,PostgreSQL,4275,4275
JOB,JOB:15c:it1,DuckDB,1,2
JOB,JOB:15c:it1,PostgreSQL,1,1
JOB,JOB:15c:mi,DuckDB,36690,496434
JOB,JOB:15c:mi,PostgreSQL,36690,1554
JOB,JOB:15c:t,DuckDB,241478,50291
JOB,JOB:15c:t,PostgreSQL,241478,241514
JOB,JOB:15d:cn,DuckDB,4275,180
JOB,JOB:15d:cn,PostgreSQL,4275,4275
JOB,JOB:15d:it1,DuckDB,1,2
JOB,JOB:15d:it1,PostgreSQL,1,1
JOB,JOB:15d:mi,DuckDB,100000,496434
JOB,JOB:15d:mi,PostgreSQL,100000,95729
JOB,JOB:15d:t,DuckDB,241478,50291
JOB,JOB:15d:t,PostgreSQL,241478,241514
JOB,JOB:16a:cn,DuckDB,4275,180
JOB,JOB:16a:cn,PostgreSQL,4275,4275
JOB,JOB:16a:k,DuckDB,1,1
JOB,JOB:16a:k,PostgreSQL,1,1
JOB,JOB:16a:t,DuckDB,6000,50291
JOB,JOB:16a:t,PostgreSQL,6000,5943
JOB,JOB:16b:cn,DuckDB,4275,180
JOB,JOB:16b:cn,PostgreSQL,4275,4275
JOB,JOB:16b:k,DuckDB,1,1
JOB,JOB:16b:k,PostgreSQL,1,1
JOB,JOB:16c:cn,DuckDB,4275,180
JOB,JOB:16c:cn,PostgreSQL,4275,4275
JOB,JOB:16c:k,DuckDB,1,1
JOB,JOB:16c:k,PostgreSQL,1,1
JOB,JOB:16c:t,DuckDB,45764,50291
JOB,JOB:16c:t,PostgreSQL,45764,45138
JOB,JOB:16d:cn,DuckDB,4275,180
JOB,JOB:16d:cn,PostgreSQL,4275,4275
JOB,JOB:16d:k,DuckDB,1,1
JOB,JOB:16d:k,PostgreSQL,1,1
JOB,JOB:16d:t,DuckDB,101981,50291
JOB,JOB:16d:t,PostgreSQL,101981,101321
JOB,JOB:17a:cn,DuckDB,4275,180
JOB,JOB:17a:cn,PostgreSQL,4275,4275
JOB,JOB:17a:k,DuckDB,1,1
JOB,JOB:17a:k,PostgreSQL,1,1
JOB,JOB:17a:n,DuckDB,8204,48000
JOB,JOB:17a:n,PostgreSQL,8204,7273
JOB,JOB:17b:k,DuckDB,1,1
JOB,JOB:17b:k,PostgreSQL,1,1
JOB,JOB:17b:n,DuckDB,4580,48000
JOB,JOB:17b:n,PostgreSQL,4580,4848
JOB,JOB:17c:k,DuckDB,1,1
JOB,JOB:17c:k,PostgreSQL,1,1
JOB,JOB:17c:n,DuckDB,1,48000
JOB,JOB:17c:n,PostgreSQL,1,24
JOB,JOB:17d:k,DuckDB,1,1
JOB,JOB:17d:k,PostgreSQL,1,1
JOB,JOB:17d:n,DuckDB,219305,48000
JOB,JOB:17d:n,PostgreSQL,219305,206061
JOB,JOB:17e:cn,DuckDB,4275,180
JOB,JOB:17e:cn,PostgreSQL,4275,4275
JOB,JOB:17e:k,DuckDB,1,1
JOB,JOB:17e:k,PostgreSQL,1,1
JOB,JOB:17f:k,DuckDB,1,1
JOB,JOB:17f:k,PostgreSQL,1,1
JOB,JOB:17f:n,DuckDB,219305,48000
JOB,JOB:17f:n,PostgreSQL,219305,206061
JOB,JOB:18a:ci,DuckDB,1,845
JOB,JOB:18a:ci,PostgreSQL,1,91
JOB,JOB:18a:it1,DuckDB,1,2
JOB,JOB:18a:it1,PostgreSQL,1,1
JOB,JOB:18a:it2,DuckDB,1,2
JOB,JOB:18a:it2,PostgreSQL,1,1
JOB,JOB:18a:n,DuckDB,2,120000
JOB,JOB:18a:n,PostgreSQL,2,13
JOB,JOB:18b:ci,DuckDB,151634,560392
JOB,JOB:18b:ci,PostgreSQL,151634,150559
JOB,JOB:18b:it1,DuckDB,1,2
JOB,JOB:18b:it1,PostgreSQL,1,1
JOB,JOB:18b:it2,DuckDB,1,2
JOB,JOB:18b:it2,PostgreSQL,1,1
JOB,JOB:18b:mi,DuckDB,113575,99286
JOB,JOB:18b:mi,PostgreSQL,113575,82796
JOB,JOB:18b:mi_idx,DuckDB,196380,100634
JOB,JOB:18b:mi_idx,PostgreSQL,266022,265075
JOB,JOB:18b:n,DuckDB,124894,120000
JOB,JOB:18b:n,PostgreSQL,124894,121477
JOB,JOB:18c:ci,DuckDB,151634,560392
JOB,JOB:18c:ci,PostgreSQL,151634,150559
JOB,JOB:18c:it1,DuckDB,1,2
JOB,JOB:18c:it1,PostgreSQL,1,1
JOB,JOB:18c:it2,DuckDB,1,2
JOB,JOB:18c:it2,PostgreSQL,1,1
JOB,JOB:18c:mi,DuckDB,164578,496434
JOB,JOB:18c:mi,PostgreSQL,164578,162582
JOB,JOB:18c:n,DuckDB,124894,120000
JOB,JOB:18c:n,PostgreSQL,124894,125088
JOB,JOB:19a:ci,DuckDB,51584,560392
JOB,JOB:19a:ci,PostgreSQL,51584,52487
JOB,JOB:19a:cn,DuckDB,84,180
JOB,JOB:19a:cn,PostgreSQL,84,84
JOB,JOB:19a:it,DuckDB,1,2
JOB,JOB:19a:it,PostgreSQL,1,1
JOB,JOB:19a:mc,DuckDB,87934,89517
JOB,JOB:19a:mc,PostgreSQL,87934,50825
JOB,JOB:19a:mi,DuckDB,2,496434
JOB,JOB:19a:mi,PostgreSQL,2,133
JOB,JOB:19a:n,DuckDB,1,120000
JOB,JOB:19a:n,PostgreSQL,1,11
JOB,JOB:19a:rt,DuckDB,1,1
JOB,JOB:19a:rt,PostgreSQL,1,1
JOB,JOB:19b:ci,DuckDB,12986,845
JOB,JOB:19b:ci,PostgreSQL,12986,13169
JOB,JOB:19b:cn,DuckDB,4275,180
JOB,JOB:19b:cn,PostgreSQL,4275,4275
JOB,JOB:19b:it,DuckDB,1,2
JOB,JOB:19b:it,PostgreSQL,1,1
JOB,JOB:19b:mc,DuckDB,87934,89517
JOB,JOB:19b:mc,PostgreSQL,87934,17249
JOB,JOB:19b:mi,DuckDB,2,496434
JOB,JOB:19b:mi,PostgreSQL,2,133
JOB,JOB:19b:n,DuckDB,1,120000
JOB,JOB:19b:n,PostgreSQL,1,13
JOB,JOB:19b:rt,DuckDB,1,1
JOB,JOB:19b:rt,PostgreSQL,1,1
JOB,JOB:19c:ci,DuckDB,51584,560392
JOB,JOB:19c:ci,PostgreSQL,51584,52487
JOB,JOB:19c:cn,DuckDB,4275,180
JOB,JOB:19c:cn,PostgreSQL,4275,4275
JOB,JOB:19c:it,DuckDB,1,2
JOB,JOB:19c:it,PostgreSQL,1,1
JOB,JOB:19c:mi,DuckDB,15886,99286
JOB,JOB:19c:mi,PostgreSQL,15886,133
JOB,JOB:19c:n,DuckDB,99514,120000
JOB,JOB:19c:n,PostgreSQL,99514,92714
JOB,JOB:19c:rt,DuckDB,1,1
JOB,JOB:19c:rt,PostgreSQL,1,1
JOB,JOB:19c:t,DuckDB,249934,50291
JOB,JOB:19c:t,PostgreSQL,249934,250030
JOB,JOB:19d:ci,DuckDB,51584,560392
JOB,JOB:19d:ci,PostgreSQL,51584,52487
JOB,JOB:19d:cn,DuckDB,4275,180
JOB,JOB:19d:cn,PostgreSQL,4275,4275
JOB,JOB:19d:it,DuckDB,1,2
JOB,JOB:19d:it,PostgreSQL,1,1
JOB,JOB:19d:n,DuckDB,107907,120000
JOB,JOB:19d:n,PostgreSQL,107907,107984
JOB,JOB:19d:rt,DuckDB,1,1
JOB,JOB:19d:rt,PostgreSQL,1,1
JOB,JOB:19d:t,DuckDB,249934,50291
JOB,JOB:19d:t,PostgreSQL,249934,250030
JOB,JOB:20a:cct1,DuckDB,1,1
JOB,JOB:20a:cct1,PostgreSQL,1,1
JOB,JOB:20a:cct2,DuckDB,2,1
JOB,JOB:20a:cct2,PostgreSQL,2,1
JOB,JOB:20a:chn,DuckDB,137,150811
JOB,JOB:20a:chn,PostgreSQL,137,151
JOB,JOB:20a:k,DuckDB,2,2283
JOB,JOB:20a:k,PostgreSQL,2,8
JOB,JOB:20a:kt,DuckDB,1,1
JOB,JOB:20a:kt,PostgreSQL,1,1
JOB,JOB:20a:t,DuckDB,251455,50291
JOB,JOB:20a:t,PostgreSQL,251455,251455
JOB,JOB:20b:cct1,DuckDB,1,1
JOB,JOB:20b:cct1,PostgreSQL,1,1
JOB,JOB:20b:cct2,DuckDB,2,1
JOB,JOB:20b:cct2,PostgreSQL,2,1
JOB,JOB:20b:chn,DuckDB,15077,150811
JOB,JOB:20b:chn,PostgreSQL,15077,15306
JOB,JOB:20b:k,DuckDB,3,2283
JOB,JOB:20b:k,PostgreSQL,3,6
JOB,JOB:20b:kt,DuckDB,1,1
JOB,JOB:20b:kt,PostgreSQL,1,1
JOB,JOB:20b:n,DuckDB,219305,48000
JOB,JOB:20b:n,PostgreSQL,219305,206061
JOB,JOB:20b:t,DuckDB,249934,50291
JOB,JOB:20b:t,PostgreSQL,249934,250030
JOB,JOB:20c:cct1,DuckDB,1,1
JOB,JOB:20c:cct1,PostgreSQL,1,1
JOB,JOB:20c:cct2,DuckDB,2,1
JOB,JOB:20c:cct2,PostgreSQL,2,1
JOB,JOB:20c:chn,DuckDB,20853,150811
JOB,JOB:20c:chn,PostgreSQL,20853,151
JOB,JOB:20c:k,DuckDB,2,2283
JOB,JOB:20c:k,PostgreSQL,2,10
JOB,JOB:20c:kt,DuckDB,1,1
JOB,JOB:20c:kt,PostgreSQL,1,1
JOB,JOB:20c:t,DuckDB,249934,50291
JOB,JOB:20c:t,PostgreSQL,249934,250030
JOB,JOB:21a:cn,DuckDB,1,1800
JOB,JOB:21a:cn,PostgreSQL,1,1
JOB,JOB:21a:ct,DuckDB,1,1
JOB,JOB:21a:ct,PostgreSQL,1,1
JOB,JOB:21a:k,DuckDB,1,1
JOB,JOB:21a:k,PostgreSQL,1,1
JOB,JOB:21a:lt,DuckDB,1,3
JOB,JOB:21a:lt,PostgreSQL,1,1
JOB,JOB:21a:mc,DuckDB,189716,89517
JOB,JOB:21a:mc,PostgreSQL,189716,188687
JOB,JOB:21a:mi,DuckDB,28654,496434
JOB,JOB:21a:mi,PostgreSQL,28654,22748
JOB,JOB:21b:cn,DuckDB,1,1800
JOB,JOB:21b:cn,PostgreSQL,1,1
JOB,JOB:21b:ct,DuckDB,1,1
JOB,JOB:21b:ct,PostgreSQL,1,1
JOB,JOB:21b:k,DuckDB,1,1
JOB,JOB:21b:k,PostgreSQL,1,1
JOB,JOB:21b:lt,DuckDB,1,3
JOB,JOB:21b:lt,PostgreSQL,1,1
JOB,JOB:21b:mc,DuckDB,189716,89517
JOB,JOB:21b:mc,PostgreSQL,189716,188687
JOB,JOB:21b:mi,DuckDB,11817,496434
JOB,JOB:21b:mi,PostgreSQL,11817,10839
JOB,JOB:21c:cn,DuckDB,439,1800
JOB,JOB:21c:cn,PostgreSQL,439,181
JOB,JOB:21c:ct,DuckDB,1,1
JOB,JOB:21c:ct,PostgreSQL,1,1
JOB,JOB:21c:k,DuckDB,1,1
JOB,JOB:21c:k,PostgreSQL,1,1
JOB,JOB:21c:lt,DuckDB,2,3
JOB,JOB:21c:lt,PostgreSQL,2,1
JOB,JOB:21c:mc,DuckDB,189716,89517
JOB,JOB:21c:mc,PostgreSQL,189716,188687
JOB,JOB:21c:mi,DuckDB,77808,496434
JOB,JOB:21c:mi,PostgreSQL,77808,72226
JOB,JOB:22a:cn,DuckDB,4725,1800
JOB,JOB:22a:cn,PostgreSQL,4725,4725
JOB,JOB:22a:it1,DuckDB,1,2
JOB,JOB:22a:it1,PostgreSQL,1,1
JOB,JOB:22a:it2,DuckDB,1,2
JOB,JOB:22a:it2,PostgreSQL,1,1
JOB,JOB:22a:k,DuckDB,4,2283
JOB,JOB:22a:k,PostgreSQL,4,4
JOB,JOB:22a:kt,DuckDB,2,1
JOB,JOB:22a:kt,PostgreSQL,2,2
JOB,JOB:22a:mc,DuckDB,87934,89517
JOB,JOB:22a:mc,PostgreSQL,87934,49021
JOB,JOB:22a:mi,DuckDB,117464,496434
JOB,JOB:22a:mi,PostgreSQL,117464,117389
JOB,JOB:22a:mi_idx,DuckDB,230356,100634
JOB,JOB:22a:mi_idx,PostgreSQL,475954,475433
JOB,JOB:22a:t,DuckDB,251455,50291
JOB,JOB:22a:t,PostgreSQL,251455,251455
JOB,JOB:22b:cn,DuckDB,4725,1800
JOB,JOB:22b:cn,PostgreSQL,4725,4725
JOB,JOB:22b:it1,DuckDB,1,2
JOB,JOB:22b:it1,PostgreSQL,1,1
JOB,JOB:22b:it2,DuckDB,1,2
JOB,JOB:22b:it2,PostgreSQL,1,1
JOB,JOB:22b:k,DuckDB,4,2283
JOB,JOB:22b:k,PostgreSQL,4,4
JOB,JOB:22b:kt,DuckDB,2,1
JOB,JOB:22b:kt,PostgreSQL,2,2
JOB,JOB:22b:mc,DuckDB,87934,89517
JOB,JOB:22b:mc,PostgreSQL,87934,49021
JOB,JOB:22b:mi,DuckDB,117464,496434
JOB,JOB:22b:mi,PostgreSQL,117464,117389
JOB,JOB:22b:mi_idx,DuckDB,230356,100634
JOB,JOB:22b:mi_idx,PostgreSQL,475954,475433
JOB,JOB:22b:t,DuckDB,251455,50291
JOB,JOB:22b:t,PostgreSQL,251455,251455
JOB,JOB:22c:cn,DuckDB,4725,1800
JOB,JOB:22c:cn,PostgreSQL,4725,4725
JOB,JOB:22c:it1,DuckDB,1,2
JOB,JOB:22c:it1,PostgreSQL,1,1
JOB,JOB:22c:it2,DuckDB,1,2
JOB,JOB:22c:it2,PostgreSQL,1,1
JOB,JOB:22c:k,DuckDB,4,2283
JOB,JOB:22c:k,PostgreSQL,4,4
JOB,JOB:22c:kt,DuckDB,2,1
JOB,JOB:22c:kt,PostgreSQL,2,2
JOB,JOB:22c:mc,DuckDB,87934,89517
JOB,JOB:22c:mc,PostgreSQL,87934,49021
JOB,JOB:22c:mi,DuckDB,129186,496434
JOB,JOB:22c:mi,PostgreSQL,129186,121024
JOB,JOB:22c:mi_idx,DuckDB,230356,100634
JOB,JOB:22c:mi_idx,PostgreSQL,475954,475433
JOB,JOB:22c:t,DuckDB,251455,50291
JOB,JOB:22c:t,PostgreSQL,251455,251455
JOB,JOB:22d:cn,DuckDB,4725,1800
JOB,JOB:22d:cn,PostgreSQL,4725,4725
JOB,JOB:22d:it1,DuckDB,1,2
JOB,JOB:22d:it1,PostgreSQL,1,1
JOB,JOB:22d:it2,DuckDB,1,2
JOB,JOB:22d:it2,PostgreSQL,1,1
JOB,JOB:22d:k,DuckDB,4,2283
JOB,JOB:22d:k,PostgreSQL,4,4
JOB,JOB:22d:kt,DuckDB,2,1
JOB,JOB:22d:kt,PostgreSQL,2,2
JOB,JOB:22d:mi,DuckDB,129186,496434
JOB,JOB:22d:mi,PostgreSQL,129186,121024
JOB,JOB:22d:mi_idx,DuckDB,230356,100634
JOB,JOB:22d:mi_idx,PostgreSQL,475954,475433
JOB,JOB:22d:t,DuckDB,251455,50291
JOB,JOB:22d:t,PostgreSQL,251455,251455
JOB,JOB:23a:cct1,DuckDB,1,1
JOB,JOB:23a:cct1,PostgreSQL,1,1
JOB,JOB:23a:cn,DuckDB,4275,180
JOB,JOB:23a:cn,PostgreSQL,4275,4275
JOB,JOB:23a:it1,DuckDB,1,2
JOB,JOB:23a:it1,PostgreSQL,1,1
JOB,JOB:23a:kt,DuckDB,1,1
JOB,JOB:23a:kt,PostgreSQL,1,1
JOB,JOB:23a:mi,DuckDB,36690,496434
JOB,JOB:23a:mi,PostgreSQL,36690,1554
JOB,JOB:23a:t,DuckDB,249934,50291
JOB,JOB:23a:t,PostgreSQL,249934,250030
JOB,JOB:23b:cct1,DuckDB,1,1
JOB,JOB:23b:cct1,PostgreSQL,1,1
JOB,JOB:23b:cn,DuckDB,4275,180
JOB,JOB:23b:cn,PostgreSQL,4275,4275
JOB,JOB:23b:it1,DuckDB,1,2
JOB,JOB:23b:it1,PostgreSQL,1,1
JOB,JOB:23b:k,DuckDB,2,2283
JOB,JOB:23b:k,PostgreSQL,2,4
JOB,JOB:23b:kt,DuckDB,1,1
JOB,JOB:23b:kt,PostgreSQL,1,1
JOB,JOB:23b:mi,DuckDB,18589,99286
JOB,JOB:23b:mi,PostgreSQL,18589,1040
JOB,JOB:23b:t,DuckDB,249934,50291
JOB,JOB:23b:t,PostgreSQL,249934,250030
JOB,JOB:23c:cct1,DuckDB,1,1
JOB,JOB:23c:cct1,PostgreSQL,1,1
JOB,JOB:23c:cn,DuckDB,4275,180
JOB,JOB:23c:cn,PostgreSQL,4275,4275
JOB,JOB:23c:it1,DuckDB,1,2
JOB,JOB:23c:it1,PostgreSQL,1,1
JOB,JOB:23c:kt,DuckDB,4,1
JOB,JOB:23c:kt,PostgreSQL,4,4
JOB,JOB:23c:mi,DuckDB,36690,496434
JOB,JOB:23c:mi,PostgreSQL,36690,1554
JOB,JOB:23c:t,DuckDB,241478,50291
JOB,JOB:23c:t,PostgreSQL,241478,241514
JOB,JOB:24a:ci,DuckDB,25892,560392
JOB,JOB:24a:ci,PostgreSQL,25892,26053
JOB,JOB:24a:cn,DuckDB,4275,180
JOB,JOB:24a:cn,PostgreSQL,4275,4275
JOB,JOB:24a:it,DuckDB,1,2
JOB,JOB:24a:it,PostgreSQL,1,1
JOB,JOB:24a:k,DuckDB,3,2283
JOB,JOB:24a:k,PostgreSQL,3,3
JOB,JOB:24a:mi,DuckDB,8,496434
JOB,JOB:24a:mi,PostgreSQL,8,133
JOB,JOB:24a:n,DuckDB,1,120000
JOB,JOB:24a:n,PostgreSQL,1,11
JOB,JOB:24a:rt,DuckDB,1,1
JOB,JOB:24a:rt,PostgreSQL,1,1
JOB,JOB:24a:t,DuckDB,248414,50291
JOB,JOB:24a:t,PostgreSQL,248414,248496
JOB,JOB:24b:ci,DuckDB,25892,560392
JOB,JOB:24b:ci,PostgreSQL,25892,26053
JOB,JOB:24b:cn,DuckDB,1,1
JOB,JOB:24b:cn,PostgreSQL,1,1
JOB,JOB:24b:it,DuckDB,1,2
JOB,JOB:24b:it,PostgreSQL,1,1
JOB,JOB:24b:k,DuckDB,4,2283
JOB,JOB:24b:k,PostgreSQL,4,4
JOB,JOB:24b:mi,DuckDB,8,496434
JOB,JOB:24b:mi,PostgreSQL,8,133
JOB,JOB:24b:n,DuckDB,1,120000
JOB,JOB:24b:n,PostgreSQL,1,11
JOB,JOB:24b:rt,DuckDB,1,1
JOB,JOB:24b:rt,PostgreSQL,1,1
JOB,JOB:24b:t,DuckDB,1,50291
JOB,JOB:24b:t,PostgreSQL,1,10
JOB,JOB:25a:ci,DuckDB,151634,560392
JOB,JOB:25a:ci,PostgreSQL,151634,150559
JOB,JOB:25a:it1,DuckDB,1,2
JOB,JOB:25a:it1,PostgreSQL,1,1
JOB,JOB:25a:it2,DuckDB,1,2
JOB,JOB:25a:it2,PostgreSQL,1,1
JOB,JOB:25a:k,DuckDB,5,2283
JOB,JOB:25a:k,PostgreSQL,5,5
JOB,JOB:25a:mi,DuckDB,100000,17
JOB,JOB:25a:mi,PostgreSQL,100000,100031
JOB,JOB:25a:n,DuckDB,124894,120000
JOB,JOB:25a:n,PostgreSQL,124894,125088
JOB,JOB:25b:ci,DuckDB,151634,560392
JOB,JOB:25b:ci,PostgreSQL,151634,150559
JOB,JOB:25b:it1,DuckDB,1,2
JOB,JOB:25b:it1,PostgreSQL,1,1
JOB,JOB:25b:it2,DuckDB,1,2
JOB,JOB:25b:it2,PostgreSQL,1,1
JOB,JOB:25b:k,DuckDB,5,2283
JOB,JOB:25b:k,PostgreSQL,5,5
JOB,JOB:25b:mi,DuckDB,9175,17
JOB,JOB:25b:mi,PostgreSQL,9175,9350
JOB,JOB:25b:n,DuckDB,124894,120000
JOB,JOB:25b:n,PostgreSQL,124894,125088
JOB,JOB:25b:t,DuckDB,1,50291
JOB,JOB:25b:t,PostgreSQL,1,10
JOB,JOB:25c:ci,DuckDB,190030,560392
JOB,JOB:25c:ci,PostgreSQL,190030,184930
JOB,JOB:25c:it1,DuckDB,1,2
JOB,JOB:25c:it1,PostgreSQL,1,1
JOB,JOB:25c:it2,DuckDB,1,2
JOB,JOB:25c:it2,PostgreSQL,1,1
JOB,JOB:25c:k,DuckDB,7,2283
JOB,JOB:25c:k,PostgreSQL,7,7
JOB,JOB:25c:mi,DuckDB,75758,496434
JOB,JOB:25c:mi,PostgreSQL,75758,74382
JOB,JOB:25c:n,DuckDB,124894,120000
JOB,JOB:25c:n,PostgreSQL,124894,125088
JOB,JOB:26a:cct1,DuckDB,1,1
JOB,JOB:26a:cct1,PostgreSQL,1,1
JOB,JOB:26a:cct2,DuckDB,2,1
JOB,JOB:26a:cct2,PostgreSQL,2,1
JOB,JOB:26a:chn,DuckDB,20853,150811
JOB,JOB:26a:chn,PostgreSQL,20853,151
JOB,JOB:26a:it2,DuckDB,1,2
JOB,JOB:26a:it2,PostgreSQL,1,1
JOB,JOB:26a:k,DuckDB,2,2283
JOB,JOB:26a:k,PostgreSQL,2,10
JOB,JOB:26a:kt,DuckDB,1,1
JOB,JOB:26a:kt,PostgreSQL,1,1
JOB,JOB:26a:mi_idx,DuckDB,350039,100634
JOB,JOB:26a:mi_idx,PostgreSQL,109650,111285
JOB,JOB:26a:t,DuckDB,249934,50291
JOB,JOB:26a:t,PostgreSQL,249934,250030
JOB,JOB:26b:cct1,DuckDB,1,1
JOB,JOB:26b:cct1,PostgreSQL,1,1
JOB,JOB:26b:cct2,DuckDB,2,1
JOB,JOB:26b:cct2,PostgreSQL,2,1
JOB,JOB:26b:chn,DuckDB,20853,150811
JOB,JOB:26b:chn,PostgreSQL,20853,151
JOB,JOB:26b:it2,DuckDB,1,2
JOB,JOB:26b:it2,PostgreSQL,1,1
JOB,JOB:26b:k,DuckDB,1,2283
JOB,JOB:26b:k,PostgreSQL,1,4
JOB,JOB:26b:kt,DuckDB,1,1
JOB,JOB:26b:kt,PostgreSQL,1,1
JOB,JOB:26b:mi_idx,DuckDB,293522,100634
JOB,JOB:26b:mi_idx,PostgreSQL,47924,48921
JOB,JOB:26b:t,DuckDB,241478,50291
JOB,JOB:26b:t,PostgreSQL,241478,241514
JOB,JOB:26c:cct1,DuckDB,1,1
JOB,JOB:26c:cct1,PostgreSQL,1,1
JOB,JOB:26c:cct2,DuckDB,2,1
JOB,JOB:26c:cct2,PostgreSQL,2,1
JOB,JOB:26c:chn,DuckDB,20853,150811
JOB,JOB:26c:chn,PostgreSQL,20853,151
JOB,JOB:26c:it2,DuckDB,1,2
JOB,JOB:26c:it2,PostgreSQL,1,1
JOB,JOB:26c:k,DuckDB,2,2283
JOB,JOB:26c:k,PostgreSQL,2,10
JOB,JOB:26c:kt,DuckDB,1,1
JOB,JOB:26c:kt,PostgreSQL,1,1
JOB,JOB:26c:t,DuckDB,249934,50291
JOB,JOB:26c:t,PostgreSQL,249934,250030
JOB,JOB:27a:cct1,DuckDB,2,1
JOB,JOB:27a:cct1,PostgreSQL,2,2
JOB,JOB:27a:cct2,DuckDB,1,1
JOB,JOB:27a:cct2,PostgreSQL,1,1
JOB,JOB:27a:cn,DuckDB,1,1800
JOB,JOB:27a:cn,PostgreSQL,1,1
JOB,JOB:27a:ct,DuckDB,1,1
JOB,JOB:27a:ct,PostgreSQL,1,1
JOB,JOB:27a:k,DuckDB,1,1
JOB,JOB:27a:k,PostgreSQL,1,1
JOB,JOB:27a:lt,DuckDB,1,3
JOB,JOB:27a:lt,PostgreSQL,1,1
JOB,JOB:27a:mc,DuckDB,189716,89517
JOB,JOB:27a:mc,PostgreSQL,189716,188687
JOB,JOB:27a:mi,DuckDB,23854,496434
JOB,JOB:27a:mi,PostgreSQL,23854,22487
JOB,JOB:27b:cct1,DuckDB,2,1
JOB,JOB:27b:cct1,PostgreSQL,2,2
JOB,JOB:27b:cct2,DuckDB,1,1
JOB,JOB:27b:cct2,PostgreSQL,1,1
JOB,JOB:27b:cn,DuckDB,1,1800
JOB,JOB:27b:cn,PostgreSQL,1,1
JOB,JOB:27b:ct,DuckDB,1,1
JOB,JOB:27b:ct,PostgreSQL,1,1
JOB,JOB:27b:k,DuckDB,1,1
JOB,JOB:27b:k,PostgreSQL,1,1
JOB,JOB:27b:lt,DuckDB,1,3
JOB,JOB:27b:lt,PostgreSQL,1,1
JOB,JOB:27b:mc,DuckDB,189716,89517
JOB,JOB:27b:mc,PostgreSQL,189716,188687
JOB,JOB:27b:mi,DuckDB,23854,496434
JOB,JOB:27b:mi,PostgreSQL,23854,22487
JOB,JOB:27b:t,DuckDB,1521,3224
JOB,JOB:27b:t,PostgreSQL,1521,1425
JOB,JOB:27c:cct1,DuckDB,1,1
JOB,JOB:27c:cct1,PostgreSQL,1,1
JOB,JOB:27c:cct2,DuckDB,2,1
JOB,JOB:27c:cct2,PostgreSQL,2,1
JOB,JOB:27c:cn,DuckDB,439,1800
JOB,JOB:27c:cn,PostgreSQL,439,181
JOB,JOB:27c:ct,DuckDB,1,1
JOB,JOB:27c:ct,PostgreSQL,1,1
JOB,JOB:27c:k,DuckDB,1,1
JOB,JOB:27c:k,PostgreSQL,1,1
JOB,JOB:27c:lt,DuckDB,2,3
JOB,JOB:27c:lt,PostgreSQL,2,1
JOB,JOB:27c:mc,DuckDB,189716,89517
JOB,JOB:27c:mc,PostgreSQL,189716,188687
JOB,JOB:27c:mi,DuckDB,77808,496434
JOB,JOB:27c:mi,PostgreSQL,77808,72226
JOB,JOB:28a:cct1,DuckDB,1,1
JOB,JOB:28a:cct1,PostgreSQL,1,1
JOB,JOB:28a:cct2,DuckDB,3,1
JOB,JOB:28a:cct2,PostgreSQL,3,3
JOB,JOB:28a:cn,DuckDB,4725,1800
JOB,JOB:28a:cn,PostgreSQL,4725,4725
JOB,JOB:28a:it1,DuckDB,1,2
JOB,JOB:28a:it1,PostgreSQL,1,1
JOB,JOB:28a:it2,DuckDB,1,2
JOB,JOB:28a:it2,PostgreSQL,1,1
JOB,JOB:28a:k,DuckDB,4,2283
JOB,JOB:28a:k,PostgreSQL,4,4
JOB,JOB:28a:kt,DuckDB,2,1
JOB,JOB:28a:kt,PostgreSQL,2,2
JOB,JOB:28a:mc,DuckDB,87934,89517
JOB,JOB:28a:mc,PostgreSQL,87934,49021
JOB,JOB:28a:mi,DuckDB,129186,496434
JOB,JOB:28a:mi,PostgreSQL,129186,121024
JOB,JOB:28a:mi_idx,DuckDB,230356,100634
JOB,JOB:28a:mi_idx,PostgreSQL,475954,475433
JOB,JOB:28a:t,DuckDB,251455,50291
JOB,JOB:28a:t,PostgreSQL,251455,251455
JOB,JOB:28b:cct1,DuckDB,1,1
JOB,JOB:28b:cct1,PostgreSQL,1,1
JOB,JOB:28b:cct2,DuckDB,3,1
JOB,JOB:28b:cct2,PostgreSQL,3,3
JOB,JOB:28b:cn,DuckDB,4725,1800
JOB,JOB:28b:cn,PostgreSQL,4725,4725
JOB,JOB:28b:it1,DuckDB,1,2
JOB,JOB:28b:it1,PostgreSQL,1,1
JOB,JOB:28b:it2,DuckDB,1,2
JOB,JOB:28b:it2,PostgreSQL,1,1
JOB,JOB:28b:k,DuckDB,4,2283
JOB,JOB:28b:k,PostgreSQL,4,4
JOB,JOB:28b:kt,DuckDB,2,1
JOB,JOB:28b:kt,PostgreSQL,2,2
JOB,JOB:28b:mc,DuckDB,87934,89517
JOB,JOB:28b:mc,PostgreSQL,87934,49021
JOB,JOB:28b:mi,DuckDB,111093,496434
JOB,JOB:28b:mi,PostgreSQL,111093,109115
JOB,JOB:28b:mi_idx,DuckDB,275512,100634
JOB,JOB:28b:mi_idx,PostgreSQL,29914,30485
JOB,JOB:28b:t,DuckDB,251455,50291
JOB,JOB:28b:t,PostgreSQL,251455,251455
JOB,JOB:28c:cct1,DuckDB,1,1
JOB,JOB:28c:cct1,PostgreSQL,1,1
JOB,JOB:28c:cct2,DuckDB,1,1
JOB,JOB:28c:cct2,PostgreSQL,1,1
JOB,JOB:28c:cn,DuckDB,4725,1800
JOB,JOB:28c:cn,PostgreSQL,4725,4725
JOB,JOB:28c:it1,DuckDB,1,2
JOB,JOB:28c:it1,PostgreSQL,1,1
JOB,JOB:28c:it2,DuckDB,1,2
JOB,JOB:28c:it2,PostgreSQL,1,1
JOB,JOB:28c:k,DuckDB,4,2283
JOB,JOB:28c:k,PostgreSQL,4,4
JOB,JOB:28c:kt,DuckDB,2,1
JOB,JOB:28c:kt,PostgreSQL,2,2
JOB,JOB:28c:mc,DuckDB,87934,89517
JOB,JOB:28c:mc,PostgreSQL,87934,49021
JOB,JOB:28c:mi,DuckDB,129186,496434
JOB,JOB:28c:mi,PostgreSQL,129186,121024
JOB,JOB:28c:mi_idx,DuckDB,230356,100634
JOB,JOB:28c:mi_idx,PostgreSQL,475954,475433
JOB,JOB:28c:t,DuckDB,251455,50291
JOB,JOB:28c:t,PostgreSQL,251455,251455
JOB,JOB:29a:cct1,DuckDB,1,1
JOB,JOB:29a:cct1,PostgreSQL,1,1
JOB,JOB:29a:cct2,DuckDB,1,1
JOB,JOB:29a:cct2,PostgreSQL,1,1
JOB,JOB:29a:chn,DuckDB,1,1
JOB,JOB:29a:chn,PostgreSQL,1,1
JOB,JOB:29a:ci,DuckDB,1,845
JOB,JOB:29a:ci,PostgreSQL,1,91
JOB,JOB:29a:cn,DuckDB,4275,180
JOB,JOB:29a:cn,PostgreSQL,4275,4275
JOB,JOB:29a:it,DuckDB,1,2
JOB,JOB:29a:it,PostgreSQL,1,1
JOB,JOB:29a:it3,DuckDB,1,2
JOB,JOB:29a:it3,PostgreSQL,1,1
JOB,JOB:29a:k,DuckDB,1,1
JOB,JOB:29a:k,PostgreSQL,1,1
JOB,JOB:29a:mi,DuckDB,17,496434
JOB,JOB:29a:mi,PostgreSQL,17,267
JOB,JOB:29a:n,DuckDB,1,120000
JOB,JOB:29a:n,PostgreSQL,1,11
JOB,JOB:29a:rt,DuckDB,1,1
JOB,JOB:29a:rt,PostgreSQL,1,1
JOB,JOB:29a:t,DuckDB,1,11
JOB,JOB:29a:t,PostgreSQL,1,5
JOB,JOB:29b:cct1,DuckDB,1,1
JOB,JOB:29b:cct1,PostgreSQL,1,1
JOB,JOB:29b:cct2,DuckDB,1,1
JOB,JOB:29b:cct2,PostgreSQL,1,1
JOB,JOB:29b:chn,DuckDB,1,1
JOB,JOB:29b:chn,PostgreSQL,1,1
JOB,JOB:29b:ci,DuckDB,1,845
JOB,JOB:29b:ci,PostgreSQL,1,91
JOB,JOB:29b:cn,DuckDB,4275,180
JOB,JOB:29b:cn,PostgreSQL,4275,4275
JOB,JOB:29b:it,DuckDB,1,2
JOB,JOB:29b:it,PostgreSQL,1,1
JOB,JOB:29b:it3,DuckDB,1,2
JOB,JOB:29b:it3,PostgreSQL,1,1
JOB,JOB:29b:k,DuckDB,1,1
JOB,JOB:29b:k,PostgreSQL,1,1
JOB,JOB:29b:mi,DuckDB,9,496434
JOB,JOB:29b:mi,PostgreSQL,9,133
JOB,JOB:29b:n,DuckDB,1,120000
JOB,JOB:29b:n,PostgreSQL,1,11
JOB,JOB:29b:rt,DuckDB,1,1
JOB,JOB:29b:rt,PostgreSQL,1,1
JOB,JOB:29b:t,DuckDB,1,11
JOB,JOB:29b:t,PostgreSQL,1,5
JOB,JOB:29c:cct1,DuckDB,1,1
JOB,JOB:29c:cct1,PostgreSQL,1,1
JOB,JOB:29c:cct2,DuckDB,1,1
JOB,JOB:29c:cct2,PostgreSQL,1,1
JOB,JOB:29c:ci,DuckDB,1,845
JOB,JOB:29c:ci,PostgreSQL,1,91
JOB,JOB:29c:cn,DuckDB,4275,180
JOB,JOB:29c:cn,PostgreSQL,4275,4275
JOB,JOB:29c:it,DuckDB,1,2
JOB,JOB:29c:it,PostgreSQL,1,1
JOB,JOB:29c:it3,DuckDB,1,2
JOB,JOB:29c:it3,PostgreSQL,1,1
JOB,JOB:29c:k,DuckDB,1,1
JOB,JOB:29c:k,PostgreSQL,1,1
JOB,JOB:29c:mi,DuckDB,17,496434
JOB,JOB:29c:mi,PostgreSQL,17,267
JOB,JOB:29c:n,DuckDB,1,120000
JOB,JOB:29c:n,PostgreSQL,1,11
JOB,JOB:29c:rt,DuckDB,1,1
JOB,JOB:29c:rt,PostgreSQL,1,1
JOB,JOB:30a:cct1,DuckDB,2,1
JOB,JOB:30a:cct1,PostgreSQL,2,2
JOB,JOB:30a:cct2,DuckDB,1,1
JOB,JOB:30a:cct2,PostgreSQL,1,1
JOB,JOB:30a:ci,DuckDB,1,845
JOB,JOB:30a:ci,PostgreSQL,1,91
JOB,JOB:30a:it1,DuckDB,1,2
JOB,JOB:30a:it1,PostgreSQL,1,1
JOB,JOB:30a:it2,DuckDB,1,2
JOB,JOB:30a:it2,PostgreSQL,1,1
JOB,JOB:30a:k,DuckDB,7,2283
JOB,JOB:30a:k,PostgreSQL,7,7
JOB,JOB:30a:mi,DuckDB,34693,496434
JOB,JOB:30a:mi,PostgreSQL,34693,35164
JOB,JOB:30a:n,DuckDB,124894,120000
JOB,JOB:30a:n,PostgreSQL,124894,125088
JOB,JOB:30a:t,DuckDB,249934,50291
JOB,JOB:30a:t,PostgreSQL,249934,250030
JOB,JOB:30b:cct1,DuckDB,2,1
JOB,JOB:30b:cct1,PostgreSQL,2,2
JOB,JOB:30b:cct2,DuckDB,1,1
JOB,JOB:30b:cct2,PostgreSQL,1,1
JOB,JOB:30b:ci,DuckDB,1,845
JOB,JOB:30b:ci,PostgreSQL,1,91
JOB,JOB:30b:it1,DuckDB,1,2
JOB,JOB:30b:it1,PostgreSQL,1,1
JOB,JOB:30b:it2,DuckDB,1,2
JOB,JOB:30b:it2,PostgreSQL,1,1
JOB,JOB:30b:k,DuckDB,7,2283
JOB,JOB:30b:k,PostgreSQL,7,7
JOB,JOB:30b:mi,DuckDB,34693,496434
JOB,JOB:30b:mi,PostgreSQL,34693,35164
JOB,JOB:30b:n,DuckDB,124894,120000
JOB,JOB:30b:n,PostgreSQL,124894,125088
JOB,JOB:30b:t,DuckDB,2808,50291
JOB,JOB:30b:t,PostgreSQL,2808,3027
JOB,JOB:30c:cct1,DuckDB,1,1
JOB,JOB:30c:cct1,PostgreSQL,1,1
JOB,JOB:30c:cct2,DuckDB,1,1
JOB,JOB:30c:cct2,PostgreSQL,1,1
JOB,JOB:30c:ci,DuckDB,1,845
JOB,JOB:30c:ci,PostgreSQL,1,91
JOB,JOB:30c:it1,DuckDB,1,2
JOB,JOB:30c:it1,PostgreSQL,1,1
JOB,JOB:30c:it2,DuckDB,1,2
JOB,JOB:30c:it2,PostgreSQL,1,1
JOB,JOB:30c:k,DuckDB,7,2283
JOB,JOB:30c:k,PostgreSQL,7,7
JOB,JOB:30c:mi,DuckDB,120235,496434
JOB,JOB:30c:mi,PostgreSQL,120235,119641
JOB,JOB:30c:n,DuckDB,124894,120000
JOB,JOB:30c:n,PostgreSQL,124894,125088
JOB,JOB:31a:ci,DuckDB,1,845
JOB,JOB:31a:ci,PostgreSQL,1,91
JOB,JOB:31a:cn,DuckDB,8,1800
JOB,JOB:31a:cn,PostgreSQL,8,1
JOB,JOB:31a:it1,DuckDB,1,2
JOB,JOB:31a:it1,PostgreSQL,1,1
JOB,JOB:31a:it2,DuckDB,1,2
JOB,JOB:31a:it2,PostgreSQL,1,1
JOB,JOB:31a:k,DuckDB,7,2283
JOB,JOB:31a:k,PostgreSQL,7,7
JOB,JOB:31a:mi,DuckDB,59687,496434
JOB,JOB:31a:mi,PostgreSQL,59687,59241
JOB,JOB:31a:n,DuckDB,124894,120000
JOB,JOB:31a:n,PostgreSQL,124894,125088
JOB,JOB:31b:ci,DuckDB,1,845
JOB,JOB:31b:ci,PostgreSQL,1,91
JOB,JOB:31b:cn,DuckDB,8,1800
JOB,JOB:31b:cn,PostgreSQL,8,1
JOB,JOB:31b:it1,DuckDB,1,2
JOB,JOB:31b:it1,PostgreSQL,1,1
JOB,JOB:31b:it2,DuckDB,1,2
JOB,JOB:31b:it2,PostgreSQL,1,1
JOB,JOB:31b:k,DuckDB,7,2283
JOB,JOB:31b:k,PostgreSQL,7,7
JOB,JOB:31b:mc,DuckDB,10051,89517
JOB,JOB:31b:mc,PostgreSQL,10051,13567
JOB,JOB:31b:mi,DuckDB,59687,496434
JOB,JOB:31b:mi,PostgreSQL,59687,59241
JOB,JOB:31b:n,DuckDB,124894,120000
JOB,JOB:31b:n,PostgreSQL,124894,125088
JOB,JOB:31b:t,DuckDB,3160,50291
JOB,JOB:31b:t,PostgreSQL,3160,4014
JOB,JOB:31c:ci,DuckDB,1,845
JOB,JOB:31c:ci,PostgreSQL,1,91
JOB,JOB:31c:cn,DuckDB,8,1800
JOB,JOB:31c:cn,PostgreSQL,8,1
JOB,JOB:31c:it1,DuckDB,1,2
JOB,JOB:31c:it1,PostgreSQL,1,1
JOB,JOB:31c:it2,DuckDB,1,2
JOB,JOB:31c:it2,PostgreSQL,1,1
JOB,JOB:31c:k,DuckDB,7,2283
JOB,JOB:31c:k,PostgreSQL,7,7
JOB,JOB:31c:mi,DuckDB,117738,496434
JOB,JOB:31c:mi,PostgreSQL,117738,117158
JOB,JOB:32a:k,DuckDB,1,1
JOB,JOB:32a:k,PostgreSQL,1,1
JOB,JOB:32b:k,DuckDB,1,1
JOB,JOB:32b:k,PostgreSQL,1,1
JOB,JOB:33a:cn1,DuckDB,4275,180
JOB,JOB:33a:cn1,PostgreSQL,4275,4275
JOB,JOB:33a:it1,DuckDB,1,2
JOB,JOB:33a:it1,PostgreSQL,1,1
JOB,JOB:33a:it2,DuckDB,1,2
JOB,JOB:33a:it2,PostgreSQL,1,1
JOB,JOB:33a:kt1,DuckDB,1,1
JOB,JOB:33a:kt1,PostgreSQL,1,1
JOB,JOB:33a:kt2,DuckDB,1,1
JOB,JOB:33a:kt2,PostgreSQL,1,1
JOB,JOB:33a:lt,DuckDB,3,3
JOB,JOB:33a:lt,PostgreSQL,3,3
JOB,JOB:33a:mi_idx2,DuckDB,205052,100634
JOB,JOB:33a:mi_idx2,PostgreSQL,450652,449109
JOB,JOB:33b:cn1,DuckDB,4275,180
JOB,JOB:33b:cn1,PostgreSQL,4275,4275
JOB,JOB:33b:it1,DuckDB,1,2
JOB,JOB:33b:it1,PostgreSQL,1,1
JOB,JOB:33b:it2,DuckDB,1,2
JOB,JOB:33b:it2,PostgreSQL,1,1
JOB,JOB:33b:kt1,DuckDB,1,1
JOB,JOB:33b:kt1,PostgreSQL,1,1
JOB,JOB:33b:kt2,DuckDB,1,1
JOB,JOB:33b:kt2,PostgreSQL,1,1
JOB,JOB:33b:lt,DuckDB,1,3
JOB,JOB:33b:lt,PostgreSQL,1,1
JOB,JOB:33b:mi_idx2,DuckDB,205052,100634
JOB,JOB:33b:mi_idx2,PostgreSQL,450652,449109
JOB,JOB:33b:t2,DuckDB,1521,3224
JOB,JOB:33b:t2,PostgreSQL,1521,1425
JOB,JOB:33c:cn1,DuckDB,4725,1800
JOB,JOB:33c:cn1,PostgreSQL,4725,4725
JOB,JOB:33c:it1,DuckDB,1,2
JOB,JOB:33c:it1,PostgreSQL,1,1
JOB,JOB:33c:it2,DuckDB,1,2
JOB,JOB:33c:it2,PostgreSQL,1,1
JOB,JOB:33c:kt1,DuckDB,1,1
JOB,JOB:33c:kt1,PostgreSQL,1,1
JOB,JOB:33c:kt2,DuckDB,1,1
JOB,JOB:33c:kt2,PostgreSQL,1,1
JOB,JOB:33c:lt,DuckDB,3,3
JOB,JOB:33c:lt,PostgreSQL,3,3
JOB,JOB:33c:mi_idx2,DuckDB,237267,100634
JOB,JOB:33c:mi_idx2,PostgreSQL,487173,486113
JOB-Complex,JOB-Complex:01:cn,DuckDB,1,1800
JOB-Complex,JOB-Complex:01:cn,PostgreSQL,1,1
JOB-Complex,JOB-Complex:01:ct,DuckDB,1,1
JOB-Complex,JOB-Complex:01:ct,PostgreSQL,1,1
JOB-Complex,JOB-Complex:01:k,DuckDB,1,1
JOB-Complex,JOB-Complex:01:k,PostgreSQL,1,1
JOB-Complex,JOB-Complex:01:lt,DuckDB,1,3
JOB-Complex,JOB-Complex:01:lt,PostgreSQL,1,1
JOB-Complex,JOB-Complex:01:mc,DuckDB,189716,89517
JOB-Complex,JOB-Complex:01:mc,PostgreSQL,189716,188687
JOB-Complex,JOB-Complex:01:mi,DuckDB,14704,496434
JOB-Complex,JOB-Complex:01:mi,PostgreSQL,14704,13038
JOB-Complex,JOB-Complex:02:cn,DuckDB,1,1800
JOB-Complex,JOB-Complex:02:cn,PostgreSQL,1,1
JOB-Complex,JOB-Complex:02:ct,DuckDB,1,1
JOB-Complex,JOB-Complex:02:ct,PostgreSQL,1,1
JOB-Complex,JOB-Complex:02:k,DuckDB,1,1
JOB-Complex,JOB-Complex:02:k,PostgreSQL,1,1
JOB-Complex,JOB-Complex:02:lt,DuckDB,1,3
JOB-Complex,JOB-Complex:02:lt,PostgreSQL,1,1
JOB-Complex,JOB-Complex:02:mc,DuckDB,189716,89517
JOB-Complex,JOB-Complex:02:mc,PostgreSQL,189716,188687
JOB-Complex,JOB-Complex:03:cn,DuckDB,1,1800
JOB-Complex,JOB-Complex:03:cn,PostgreSQL,1,1
JOB-Complex,JOB-Complex:03:ct,DuckDB,1,1
JOB-Complex,JOB-Complex:03:ct,PostgreSQL,1,1
JOB-Complex,JOB-Complex:03:k,DuckDB,1,1
JOB-Complex,JOB-Complex:03:k,PostgreSQL,1,1
JOB-Complex,JOB-Complex:03:lt,DuckDB,1,3
JOB-Complex,JOB-Complex:03:lt,PostgreSQL,1,1
JOB-Complex,JOB-Complex:03:mc,DuckDB,189716,89517
JOB-Complex,JOB-Complex:03:mc,PostgreSQL,189716,188687
JOB-Complex,JOB-Complex:03:mi,DuckDB,24484,496434
JOB-Complex,JOB-Complex:03:mi,PostgreSQL,24484,18942
JOB-Complex,JOB-Complex:04:cn,DuckDB,1,1800
JOB-Complex,JOB-Complex:04:cn,PostgreSQL,1,1
JOB-Complex,JOB-Complex:04:ct,DuckDB,1,1
JOB-Complex,JOB-Complex:04:ct,PostgreSQL,1,1
JOB-Complex,JOB-Complex:04:k,DuckDB,1,1
JOB-Complex,JOB-Complex:04:k,PostgreSQL,1,1
JOB-Complex,JOB-Complex:04:lt,DuckDB,1,3
JOB-Complex,JOB-Complex:04:lt,PostgreSQL,1,1
JOB-Complex,JOB-Complex:04:mc,DuckDB,189716,89517
JOB-Complex,JOB-Complex:04:mc,PostgreSQL,189716,188687
JOB-Complex,JOB-Complex:04:mi,DuckDB,24484,496434
JOB-Complex,JOB-Complex:04:mi,PostgreSQL,24484,18942
JOB-Complex,JOB-Complex:05:cct1,DuckDB,1,1
JOB-Complex,JOB-Complex:05:cct1,PostgreSQL,1,1
JOB-Complex,JOB-Complex:05:cct2,DuckDB,3,1
JOB-Complex,JOB-Complex:05:cct2,PostgreSQL,3,3
JOB-Complex,JOB-Complex:05:cn,DuckDB,4725,1800
JOB-Complex,JOB-Complex:05:cn,PostgreSQL,4725,4725
JOB-Complex,JOB-Complex:05:it1,DuckDB,1,2
JOB-Complex,JOB-Complex:05:it1,PostgreSQL,1,1
JOB-Complex,JOB-Complex:05:it2,DuckDB,1,2
JOB-Complex,JOB-Complex:05:it2,PostgreSQL,1,1
JOB-Complex,JOB-Complex:05:k,DuckDB,4,2283
JOB-Complex,JOB-Complex:05:k,PostgreSQL,4,4
JOB-Complex,JOB-Complex:05:kt,DuckDB,2,1
JOB-Complex,JOB-Complex:05:kt,PostgreSQL,2,2
JOB-Complex,JOB-Complex:05:mc,DuckDB,8247,89517
JOB-Complex,JOB-Complex:05:mc,PostgreSQL,8247,5081
JOB-Complex,JOB-Complex:05:mi,DuckDB,7329,496434
JOB-Complex,JOB-Complex:05:mi,PostgreSQL,7329,5940
JOB-Complex,JOB-Complex:05:mi_idx,DuckDB,391891,100634
JOB-Complex,JOB-Complex:05:mi_idx,PostgreSQL,157919,159988
JOB-Complex,JOB-Complex:05:t,DuckDB,241478,50291
JOB-Complex,JOB-Complex:05:t,PostgreSQL,241478,241514
JOB-Complex,JOB-Complex:06:cn,DuckDB,1,1800
JOB-Complex,JOB-Complex:06:cn,PostgreSQL,1,1
JOB-Complex,JOB-Complex:06:ct,DuckDB,1,1
JOB-Complex,JOB-Complex:06:ct,PostgreSQL,1,1
JOB-Complex,JOB-Complex:06:k,DuckDB,1,1
JOB-Complex,JOB-Complex:06:k,PostgreSQL,1,1
JOB-Complex,JOB-Complex:06:lt,DuckDB,1,3
JOB-Complex,JOB-Complex:06:lt,PostgreSQL,1,1
JOB-Complex,JOB-Complex:06:mc,DuckDB,189716,89517
JOB-Complex,JOB-Complex:06:mc,PostgreSQL,189716,188687
JOB-Complex,JOB-Complex:06:mi,DuckDB,14630,496434
JOB-Complex,JOB-Complex:06:mi,PostgreSQL,14630,15307
JOB-Complex,JOB-Complex:07:cn,DuckDB,1,1800
JOB-Complex,JOB-Complex:07:cn,PostgreSQL,1,1
JOB-Complex,JOB-Complex:07:ct,DuckDB,1,1
JOB-Complex,JOB-Complex:07:ct,PostgreSQL,1,1
JOB-Complex,JOB-Complex:07:k,DuckDB,1,1
JOB-Complex,JOB-Complex:07:k,PostgreSQL,1,1
JOB-Complex,JOB-Complex:07:lt,DuckDB,1,3
JOB-Complex,JOB-Complex:07:lt,PostgreSQL,1,1
JOB-Complex,JOB-Complex:07:mc,DuckDB,189716,89517
JOB-Complex,JOB-Complex:07:mc,PostgreSQL,189716,188687
JOB-Complex,JOB-Complex:07:mi,DuckDB,14630,496434
JOB-Complex,JOB-Complex:07:mi,PostgreSQL,14630,15307
JOB-Complex,JOB-Complex:08:cct1,DuckDB,2,1
JOB-Complex,JOB-Complex:08:cct1,PostgreSQL,2,2
JOB-Complex,JOB-Complex:08:cct2,DuckDB,1,1
JOB-Complex,JOB-Complex:08:cct2,PostgreSQL,1,1
JOB-Complex,JOB-Complex:08:ci,DuckDB,151634,560392
JOB-Complex,JOB-Complex:08:ci,PostgreSQL,151634,150559
JOB-Complex,JOB-Complex:08:it1,DuckDB,1,2
JOB-Complex,JOB-Complex:08:it1,PostgreSQL,1,1
JOB-Complex,JOB-Complex:08:it2,DuckDB,1,2
JOB-Complex,JOB-Complex:08:it2,PostgreSQL,1,1
JOB-Complex,JOB-Complex:08:k,DuckDB,7,2283
JOB-Complex,JOB-Complex:08:k,PostgreSQL,7,7
JOB-Complex,JOB-Complex:08:mi,DuckDB,31184,496434
JOB-Complex,JOB-Complex:08:mi,PostgreSQL,31184,29869
JOB-Complex,JOB-Complex:08:n,DuckDB,107907,120000
JOB-Complex,JOB-Complex:08:n,PostgreSQL,107907,107984
JOB-Complex,JOB-Complex:08:t,DuckDB,1,50291
JOB-Complex,JOB-Complex:08:t,PostgreSQL,1,30
JOB-Complex,JOB-Complex:09:cct1,DuckDB,1,1
JOB-Complex,JOB-Complex:09:cct1,PostgreSQL,1,1
JOB-Complex,JOB-Complex:09:cct2,DuckDB,3,1
JOB-Complex,JOB-Complex:09:cct2,PostgreSQL,3,3
JOB-Complex,JOB-Complex:09:cn,DuckDB,4725,360
JOB-Complex,JOB-Complex:09:cn,PostgreSQL,4725,24
JOB-Complex,JOB-Complex:09:it1,DuckDB,1,2
JOB-Complex,JOB-Complex:09:it1,PostgreSQL,1,1
JOB-Complex,JOB-Complex:09:it2,DuckDB,1,2
JOB-Complex,JOB-Complex:09:it2,PostgreSQL,1,1
JOB-Complex,JOB-Complex:09:k,DuckDB,4,2283
JOB-Complex,JOB-Complex:09:k,PostgreSQL,4,4
JOB-Complex,JOB-Complex:09:kt,DuckDB,2,1
JOB-Complex,JOB-Complex:09:kt,PostgreSQL,2,2
JOB-Complex,JOB-Complex:09:mc,DuckDB,87934,89517
JOB-Complex,JOB-Complex:09:mc,PostgreSQL,87934,49021
JOB-Complex,JOB-Complex:09:mi,DuckDB,33696,496434
JOB-Complex,JOB-Complex:09:mi,PostgreSQL,33696,25709
JOB-Complex,JOB-Complex:09:mi_idx,DuckDB,153131,100634
JOB-Complex,JOB-Complex:09:mi_idx,PostgreSQL,393520,391860
JOB-Complex,JOB-Complex:09:t,DuckDB,222893,50291
JOB-Complex,JOB-Complex:09:t,PostgreSQL,222893,223284
JOB-Complex,JOB-Complex:10:ci,DuckDB,49507,560392
JOB-Complex,JOB-Complex:10:ci,PostgreSQL,49507,50155
JOB-Complex,JOB-Complex:10:it1,DuckDB,1,2
JOB-Complex,JOB-Complex:10:it1,PostgreSQL,1,1
JOB-Complex,JOB-Complex:10:it2,DuckDB,1,2
JOB-Complex,JOB-Complex:10:it2,PostgreSQL,1,1
JOB-Complex,JOB-Complex:10:n,DuckDB,1,120000
JOB-Complex,JOB-Complex:10:n,PostgreSQL,1,13
JOB-Complex,JOB-Complex:11:cct1,DuckDB,1,1
JOB-Complex,JOB-Complex:11:cct1,PostgreSQL,1,1
JOB-Complex,JOB-Complex:11:cct2,DuckDB,2,1
JOB-Complex,JOB-Complex:11:cct2,PostgreSQL,2,1
JOB-Complex,JOB-Complex:11:chn,DuckDB,1,150811
JOB-Complex,JOB-Complex:11:chn,PostgreSQL,1,75
JOB-Complex,JOB-Complex:11:it2,DuckDB,1,2
JOB-Complex,JOB-Complex:11:it2,PostgreSQL,1,1
JOB-Complex,JOB-Complex:11:k,DuckDB,1,1
JOB-Complex,JOB-Complex:11:k,PostgreSQL,1,1
JOB-Complex,JOB-Complex:11:kt,DuckDB,1,1
JOB-Complex,JOB-Complex:11:kt,PostgreSQL,1,1
JOB-Complex,JOB-Complex:11:t,DuckDB,42142,50291
JOB-Complex,JOB-Complex:11:t,PostgreSQL,42142,42471
JOB-Complex,JOB-Complex:12:cct1,DuckDB,1,1
JOB-Complex,JOB-Complex:12:cct1,PostgreSQL,1,1
JOB-Complex,JOB-Complex:12:cct2,DuckDB,2,1
JOB-Complex,JOB-Complex:12:cct2,PostgreSQL,2,1
JOB-Complex,JOB-Complex:12:chn,DuckDB,1,150811
JOB-Complex,JOB-Complex:12:chn,PostgreSQL,1,75
JOB-Complex,JOB-Complex:12:it2,DuckDB,1,2
JOB-Complex,JOB-Complex:12:it2,PostgreSQL,1,1
JOB-Complex,JOB-Complex:12:k,DuckDB,2,2283
JOB-Complex,JOB-Complex:12:k,PostgreSQL,2,10
JOB-Complex,JOB-Complex:12:kt,DuckDB,1,1
JOB-Complex,JOB-Complex:12:kt,PostgreSQL,1,1
JOB-Complex,JOB-Complex:12:t,DuckDB,249934,50291
JOB-Complex,JOB-Complex:12:t,PostgreSQL,249934,250030
JOB-Complex,JOB-Complex:13:cn,DuckDB,4725,1800
JOB-Complex,JOB-Complex:13:cn,PostgreSQL,4725,4725
JOB-Complex,JOB-Complex:13:it1,DuckDB,1,2
JOB-Complex,JOB-Complex:13:it1,PostgreSQL,1,1
JOB-Complex,JOB-Complex:13:it2,DuckDB,1,2
JOB-Complex,JOB-Complex:13:it2,PostgreSQL,1,1
JOB-Complex,JOB-Complex:13:k,DuckDB,4,2283
JOB-Complex,JOB-Complex:13:k,PostgreSQL,4,4
JOB-Complex,JOB-Complex:13:kt,DuckDB,2,1
JOB-Complex,JOB-Complex:13:kt,PostgreSQL,2,2
JOB-Complex,JOB-Complex:13:mc,DuckDB,8247,89517
JOB-Complex,JOB-Complex:13:mc,PostgreSQL,8247,5081
JOB-Complex,JOB-Complex:13:mi,DuckDB,31461,496434
JOB-Complex,JOB-Complex:13:mi,PostgreSQL,31461,23558
JOB-Complex,JOB-Complex:13:mi_idx,DuckDB,224644,100634
JOB-Complex,JOB-Complex:13:mi_idx,PostgreSQL,470242,469876
JOB-Complex,JOB-Complex:13:t,DuckDB,241478,50291
JOB-Complex,JOB-Complex:13:t,PostgreSQL,241478,241514
JOB-Complex,JOB-Complex:14:k,DuckDB,1,1
JOB-Complex,JOB-Complex:14:k,PostgreSQL,1,1
JOB-Complex,JOB-Complex:14:n,DuckDB,1,48000
JOB-Complex,JOB-Complex:14:n,PostgreSQL,1,24
JOB-Complex,JOB-Complex:14:t,DuckDB,251455,50291
JOB-Complex,JOB-Complex:14:t,PostgreSQL,251455,251455
JOB-Complex,JOB-Complex:15:cn,DuckDB,4275,180
JOB-Complex,JOB-Complex:15:cn,PostgreSQL,4275,4275
JOB-Complex,JOB-Complex:15:it1,DuckDB,1,2
JOB-Complex,JOB-Complex:15:it1,PostgreSQL,1,1
JOB-Complex,JOB-Complex:15:mi,DuckDB,100000,496434
JOB-Complex,JOB-Complex:15:mi,PostgreSQL,100000,95729
JOB-Complex,JOB-Complex:15:t,DuckDB,251455,50291
JOB-Complex,JOB-Complex:15:t,PostgreSQL,251455,251455
JOB-Complex,JOB-Complex:16:ci,DuckDB,190030,560392
JOB-Complex,JOB-Complex:16:ci,PostgreSQL,190030,192588
JOB-Complex,JOB-Complex:16:it1,DuckDB,1,2
JOB-Complex,JOB-Complex:16:it1,PostgreSQL,1,1
JOB-Complex,JOB-Complex:16:it2,DuckDB,1,2
JOB-Complex,JOB-Complex:16:it2,PostgreSQL,1,1
JOB-Complex,JOB-Complex:16:n,DuckDB,497,120000
JOB-Complex,JOB-Complex:16:n,PostgreSQL,497,13
JOB-Complex,JOB-Complex:17:cn,DuckDB,4725,1800
JOB-Complex,JOB-Complex:17:cn,PostgreSQL,4725,4725
JOB-Complex,JOB-Complex:17:it1,DuckDB,1,2
JOB-Complex,JOB-Complex:17:it1,PostgreSQL,1,1
JOB-Complex,JOB-Complex:17:it2,DuckDB,1,2
JOB-Complex,JOB-Complex:17:it2,PostgreSQL,1,1
JOB-Complex,JOB-Complex:17:k,DuckDB,4,2283
JOB-Complex,JOB-Complex:17:k,PostgreSQL,4,4
JOB-Complex,JOB-Complex:17:kt,DuckDB,2,1
JOB-Complex,JOB-Complex:17:kt,PostgreSQL,2,2
JOB-Complex,JOB-Complex:17:mc,DuckDB,8247,89517
JOB-Complex,JOB-Complex:17:mc,PostgreSQL,8247,5081
JOB-Complex,JOB-Complex:17:mi,DuckDB,20243,496434
JOB-Complex,JOB-Complex:17:mi,PostgreSQL,20243,20667
JOB-Complex,JOB-Complex:17:mi_idx,DuckDB,146050,100634
JOB-Complex,JOB-Complex:17:mi_idx,PostgreSQL,386441,384262
JOB-Complex,JOB-Complex:17:t,DuckDB,241478,50291
JOB-Complex,JOB-Complex:17:t,PostgreSQL,241478,241514
JOB-Complex,JOB-Complex:18:cn,DuckDB,80,36
JOB-Complex,JOB-Complex:18:cn,PostgreSQL,80,1
JOB-Complex,JOB-Complex:18:it1,DuckDB,1,2
JOB-Complex,JOB-Complex:18:it1,PostgreSQL,1,1
JOB-Complex,JOB-Complex:18:mi,DuckDB,1,496434
JOB-Complex,JOB-Complex:18:mi,PostgreSQL,1,23
JOB-Complex,JOB-Complex:18:t,DuckDB,251455,50291
JOB-Complex,JOB-Complex:18:t,PostgreSQL,251455,251455
JOB-Complex,JOB-Complex:19:ci,DuckDB,26369,845
JOB-Complex,JOB-Complex:19:ci,PostgreSQL,26369,24377
JOB-Complex,JOB-Complex:19:cn,DuckDB,1,1
JOB-Complex,JOB-Complex:19:cn,PostgreSQL,1,1
JOB-Complex,JOB-Complex:19:it1,DuckDB,1,2
JOB-Complex,JOB-Complex:19:it1,PostgreSQL,1,1
JOB-Complex,JOB-Complex:19:it2,DuckDB,1,2
JOB-Complex,JOB-Complex:19:it2,PostgreSQL,1,1
JOB-Complex,JOB-Complex:19:k,DuckDB,1,1
JOB-Complex,JOB-Complex:19:k,PostgreSQL,1,1
JOB-Complex,JOB-Complex:19:mi,DuckDB,13576,17
JOB-Complex,JOB-Complex:19:mi,PostgreSQL,13576,12825
JOB-Complex,JOB-Complex:19:n,DuckDB,124894,120000
JOB-Complex,JOB-Complex:19:n,PostgreSQL,124894,125088
JOB-Complex,JOB-Complex:20:cct1,DuckDB,1,1
JOB-Complex,JOB-Complex:20:cct1,PostgreSQL,1,1
JOB-Complex,JOB-Complex:20:cct2,DuckDB,1,1
JOB-Complex,JOB-Complex:20:cct2,PostgreSQL,1,1
JOB-Complex,JOB-Complex:20:cn,DuckDB,4725,1800
JOB-Complex,JOB-Complex:20:cn,PostgreSQL,4725,4725
JOB-Complex,JOB-Complex:20:it1,DuckDB,1,2
JOB-Complex,JOB-Complex:20:it1,PostgreSQL,1,1
JOB-Complex,JOB-Complex:20:it2,DuckDB,1,2
JOB-Complex,JOB-Complex:20:it2,PostgreSQL,1,1
JOB-Complex,JOB-Complex:20:k,DuckDB,4,2283
JOB-Complex,JOB-Complex:20:k,PostgreSQL,4,4
JOB-Complex,JOB-Complex:20:kt,DuckDB,1,1
JOB-Complex,JOB-Complex:20:kt,PostgreSQL,1,1
JOB-Complex,JOB-Complex:20:mc,DuckDB,6381,89517
JOB-Complex,JOB-Complex:20:mc,PostgreSQL,6381,3641
JOB-Complex,JOB-Complex:20:mi,DuckDB,30041,496434
JOB-Complex,JOB-Complex:20:mi,PostgreSQL,30041,21093
JOB-Complex,JOB-Complex:20:mi_idx,DuckDB,190032,100634
JOB-Complex,JOB-Complex:20:mi_idx,PostgreSQL,430421,429917
JOB-Complex,JOB-Complex:20:t,DuckDB,64211,50291
JOB-Complex,JOB-Complex:20:t,PostgreSQL,64211,64725
JOB-Complex,JOB-Complex:21:ci,DuckDB,151635,560392
JOB-Complex,JOB-Complex:21:ci,PostgreSQL,151635,150650
JOB-Complex,JOB-Complex:21:cn,DuckDB,1,1800
JOB-Complex,JOB-Complex:21:cn,PostgreSQL,1,1
JOB-Complex,JOB-Complex:21:it1,DuckDB,1,2
JOB-Complex,JOB-Complex:21:it1,PostgreSQL,1,1
JOB-Complex,JOB-Complex:21:it2,DuckDB,1,2
JOB-Complex,JOB-Complex:21:it2,PostgreSQL,1,1
JOB-Complex,JOB-Complex:21:k,DuckDB,7,2283
JOB-Complex,JOB-Complex:21:k,PostgreSQL,7,7
JOB-Complex,JOB-Complex:21:mi,DuckDB,13575,17
JOB-Complex,JOB-Complex:21:mi,PostgreSQL,13575,13486
JOB-Complex,JOB-Complex:21:n,DuckDB,107907,120000
JOB-Complex,JOB-Complex:21:n,PostgreSQL,107907,107984
JOB-Complex,JOB-Complex:22:k,DuckDB,3,2283
JOB-Complex,JOB-Complex:22:k,PostgreSQL,3,8
JOB-Complex,JOB-Complex:22:n,DuckDB,1346,48000
JOB-Complex,JOB-Complex:22:n,PostgreSQL,1346,24
JOB-Complex,JOB-Complex:22:t,DuckDB,249934,50291
JOB-Complex,JOB-Complex:22:t,PostgreSQL,249934,250030
JOB-Complex,JOB-Complex:23:cct1,DuckDB,1,1
JOB-Complex,JOB-Complex:23:cct1,PostgreSQL,1,1
JOB-Complex,JOB-Complex:23:cct2,DuckDB,2,1
JOB-Complex,JOB-Complex:23:cct2,PostgreSQL,2,1
JOB-Complex,JOB-Complex:23:chn,DuckDB,20853,150811
JOB-Complex,JOB-Complex:23:chn,PostgreSQL,20853,151
JOB-Complex,JOB-Complex:23:it2,DuckDB,1,2
JOB-Complex,JOB-Complex:23:it2,PostgreSQL,1,1
JOB-Complex,JOB-Complex:23:k,DuckDB,1,2283
JOB-Complex,JOB-Complex:23:k,PostgreSQL,1,10
JOB-Complex,JOB-Complex:23:kt,DuckDB,1,1
JOB-Complex,JOB-Complex:23:kt,PostgreSQL,1,1
JOB-Complex,JOB-Complex:23:t,DuckDB,249934,50291
JOB-Complex,JOB-Complex:23:t,PostgreSQL,249934,250030
JOB-Complex,JOB-Complex:24:k,DuckDB,1,1
JOB-Complex,JOB-Complex:24:k,PostgreSQL,1,1
JOB-Complex,JOB-Complex:24:n,DuckDB,1,48000
JOB-Complex,JOB-Complex:24:n,PostgreSQL,1,24
JOB-Complex,JOB-Complex:25:cct1,DuckDB,1,1
JOB-Complex,JOB-Complex:25:cct1,PostgreSQL,1,1
JOB-Complex,JOB-Complex:25:cct2,DuckDB,2,1
JOB-Complex,JOB-Complex:25:cct2,PostgreSQL,2,1
JOB-Complex,JOB-Complex:25:chn,DuckDB,716,150811
JOB-Complex,JOB-Complex:25:chn,PostgreSQL,716,75
JOB-Complex,JOB-Complex:25:it2,DuckDB,1,2
JOB-Complex,JOB-Complex:25:it2,PostgreSQL,1,1
JOB-Complex,JOB-Complex:25:k,DuckDB,2,2283
JOB-Complex,JOB-Complex:25:k,PostgreSQL,2,10
JOB-Complex,JOB-Complex:25:kt,DuckDB,1,1
JOB-Complex,JOB-Complex:25:kt,PostgreSQL,1,1
JOB-Complex,JOB-Complex:25:t,DuckDB,249934,50291
JOB-Complex,JOB-Complex:25:t,PostgreSQL,249934,250030
JOB-Complex,JOB-Complex:26:cn,DuckDB,80,36
JOB-Complex,JOB-Complex:26:cn,PostgreSQL,80,1
JOB-Complex,JOB-Complex:26:ct,DuckDB,1,1
JOB-Complex,JOB-Complex:26:ct,PostgreSQL,1,1
JOB-Complex,JOB-Complex:26:it,DuckDB,1,2
JOB-Complex,JOB-Complex:26:it,PostgreSQL,1,1
JOB-Complex,JOB-Complex:26:it2,DuckDB,1,2
JOB-Complex,JOB-Complex:26:it2,PostgreSQL,1,1
JOB-Complex,JOB-Complex:26:kt,DuckDB,1,1
JOB-Complex,JOB-Complex:26:kt,PostgreSQL,1,1
JOB-Complex,JOB-Complex:27:cn,DuckDB,4275,180
JOB-Complex,JOB-Complex:27:cn,PostgreSQL,4275,4275
JOB-Complex,JOB-Complex:27:k,DuckDB,1,1
JOB-Complex,JOB-Complex:27:k,PostgreSQL,1,1
JOB-Complex,JOB-Complex:27:n,DuckDB,1,48000
JOB-Complex,JOB-Complex:27:n,PostgreSQL,1,24
JOB-Complex,JOB-Complex:28:cct1,DuckDB,1,1
JOB-Complex,JOB-Complex:28:cct1,PostgreSQL,1,1
JOB-Complex,JOB-Complex:28:cn,DuckDB,80,36
JOB-Complex,JOB-Complex:28:cn,PostgreSQL,80,1
JOB-Complex,JOB-Complex:28:it1,DuckDB,1,2
JOB-Complex,JOB-Complex:28:it1,PostgreSQL,1,1
JOB-Complex,JOB-Complex:28:kt,DuckDB,1,1
JOB-Complex,JOB-Complex:28:kt,PostgreSQL,1,1
JOB-Complex,JOB-Complex:28:mi,DuckDB,1,496434
JOB-Complex,JOB-Complex:28:mi,PostgreSQL,1,23
JOB-Complex,JOB-Complex:28:t,DuckDB,251455,50291
JOB-Complex,JOB-Complex:28:t,PostgreSQL,251455,251455
JOB-Complex,JOB-Complex:29:cct1,DuckDB,1,1
JOB-Complex,JOB-Complex:29:cct1,PostgreSQL,1,1
JOB-Complex,JOB-Complex:29:cct2,DuckDB,2,1
JOB-Complex,JOB-Complex:29:cct2,PostgreSQL,2,1
JOB-Complex,JOB-Complex:29:chn,DuckDB,1,150811
JOB-Complex,JOB-Complex:29:chn,PostgreSQL,1,75
JOB-Complex,JOB-Complex:29:it2,DuckDB,1,2
JOB-Complex,JOB-Complex:29:it2,PostgreSQL,1,1
JOB-Complex,JOB-Complex:29:k,DuckDB,2,2283
JOB-Complex,JOB-Complex:29:k,PostgreSQL,2,10
JOB-Complex,JOB-Complex:29:kt,DuckDB,1,1
JOB-Complex,JOB-Complex:29:kt,PostgreSQL,1,1
JOB-Complex,JOB-Complex:29:mi_idx,DuckDB,209507,100634
JOB-Complex,JOB-Complex:29:mi_idx,PostgreSQL,361113,360337
JOB-Complex,JOB-Complex:29:t,DuckDB,251455,50291
JOB-Complex,JOB-Complex:29:t,PostgreSQL,251455,251455
JOB-Complex,JOB-Complex:30:cn,DuckDB,4275,180
JOB-Complex,JOB-Complex:30:cn,PostgreSQL,4275,4275
JOB-Complex,JOB-Complex:30:k,DuckDB,1,1
JOB-Complex,JOB-Complex:30:k,PostgreSQL,1,1
JOB-Complex,JOB-Complex:30:n,DuckDB,1,48000
JOB-Complex,JOB-Complex:30:n,PostgreSQL,1,24
JOB-Light,JOB-Light:01:mc,DuckDB,285649,223793
JOB-Light,JOB-Light:01:mc,PostgreSQL,285649,285127
JOB-Light,JOB-Light:01:mi_idx,DuckDB,250,251585
JOB-Light,JOB-Light:01:mi_idx,PostgreSQL,250,268
JOB-Light,JOB-Light:02:mc,DuckDB,285649,223793
JOB-Light,JOB-Light:02:mc,PostgreSQL,285649,285127
JOB-Light,JOB-Light:02:t,DuckDB,215720,50291
JOB-Light,JOB-Light:02:t,PostgreSQL,215720,215489
JOB-Light,JOB-Light:02:mi_idx,DuckDB,10,251585
JOB-Light,JOB-Light:02:mi_idx,PostgreSQL,10,1
JOB-Light,JOB-Light:03:mc,DuckDB,285649,223793
JOB-Light,JOB-Light:03:mc,PostgreSQL,285649,285127
JOB-Light,JOB-Light:03:t,DuckDB,232500,50291
JOB-Light,JOB-Light:03:t,PostgreSQL,232500,232730
JOB-Light,JOB-Light:03:mi_idx,DuckDB,250,251585
JOB-Light,JOB-Light:03:mi_idx,PostgreSQL,250,268
JOB-Light,JOB-Light:04:mc,DuckDB,285649,223793
JOB-Light,JOB-Light:04:mc,PostgreSQL,285649,285127
JOB-Light,JOB-Light:04:t,DuckDB,249934,50291
JOB-Light,JOB-Light:04:t,PostgreSQL,249934,250030
JOB-Light,JOB-Light:04:mi_idx,DuckDB,10,251585
JOB-Light,JOB-Light:04:mi_idx,PostgreSQL,10,1
JOB-Light,JOB-Light:05:mk,DuckDB,145455,129
JOB-Light,JOB-Light:05:mk,PostgreSQL,145455,143842
JOB-Light,JOB-Light:06:t,DuckDB,241478,50291
JOB-Light,JOB-Light:06:t,PostgreSQL,241478,241514
JOB-Light,JOB-Light:07:t,DuckDB,232500,50291
JOB-Light,JOB-Light:07:t,PostgreSQL,232500,232730
JOB-Light,JOB-Light:08:t,DuckDB,249934,50291
JOB-Light,JOB-Light:08:t,PostgreSQL,249934,250030
JOB-Light,JOB-Light:09:t,DuckDB,241478,50291
JOB-Light,JOB-Light:09:t,PostgreSQL,241478,241514
JOB-Light,JOB-Light:09:mi_idx,DuckDB,251455,251585
JOB-Light,JOB-Light:09:mi_idx,PostgreSQL,251455,252809
JOB-Light,JOB-Light:10:t,DuckDB,232500,50291
JOB-Light,JOB-Light:10:t,PostgreSQL,232500,232730
JOB-Light,JOB-Light:10:mi_idx,DuckDB,251455,251585
JOB-Light,JOB-Light:10:mi_idx,PostgreSQL,251455,252809
JOB-Light,JOB-Light:11:t,DuckDB,249934,50291
JOB-Light,JOB-Light:11:t,PostgreSQL,249934,250030
JOB-Light,JOB-Light:11:mi_idx,DuckDB,251455,251585
JOB-Light,JOB-Light:11:mi_idx,PostgreSQL,251455,252809
JOB-Light,JOB-Light:12:t,DuckDB,241478,50291
JOB-Light,JOB-Light:12:t,PostgreSQL,241478,241514
JOB-Light,JOB-Light:12:mc,DuckDB,285649,223793
JOB-Light,JOB-Light:12:mc,PostgreSQL,285649,285127
JOB-Light,JOB-Light:13:t,DuckDB,232500,50291
JOB-Light,JOB-Light:13:t,PostgreSQL,232500,232730
JOB-Light,JOB-Light:13:mc,DuckDB,285649,223793
JOB-Light,JOB-Light:13:mc,PostgreSQL,285649,285127
JOB-Light,JOB-Light:14:t,DuckDB,249934,50291
JOB-Light,JOB-Light:14:t,PostgreSQL,249934,250030
JOB-Light,JOB-Light:14:mc,DuckDB,285649,223793
JOB-Light,JOB-Light:14:mc,PostgreSQL,285649,285127
JOB-Light,JOB-Light:15:mk,DuckDB,21602,129
JOB-Light,JOB-Light:15:mk,PostgreSQL,21602,21940
JOB-Light,JOB-Light:15:t,DuckDB,232500,50291
JOB-Light,JOB-Light:15:t,PostgreSQL,232500,232730
JOB-Light,JOB-Light:16:t,DuckDB,226360,50291
JOB-Light,JOB-Light:16:t,PostgreSQL,226360,226527
JOB-Light,JOB-Light:17:mk,DuckDB,21602,129
JOB-Light,JOB-Light:17:mk,PostgreSQL,21602,21940
JOB-Light,JOB-Light:17:t,DuckDB,226360,50291
JOB-Light,JOB-Light:17:t,PostgreSQL,226360,226527
JOB-Light,JOB-Light:18:mk,DuckDB,21602,129
JOB-Light,JOB-Light:18:mk,PostgreSQL,21602,21940
JOB-Light,JOB-Light:18:t,DuckDB,249934,50291
JOB-Light,JOB-Light:18:t,PostgreSQL,249934,250030
JOB-Light,JOB-Light:19:t,DuckDB,249934,50291
JOB-Light,JOB-Light:19:t,PostgreSQL,249934,250030
JOB-Light,JOB-Light:20:t,DuckDB,23574,50291
JOB-Light,JOB-Light:20:t,PostgreSQL,23574,23503
JOB-Light,JOB-Light:21:t,DuckDB,4582,50291
JOB-Light,JOB-Light:21:t,PostgreSQL,4582,4644
JOB-Light,JOB-Light:22:t,DuckDB,14576,50291
JOB-Light,JOB-Light:22:t,PostgreSQL,14576,14392
JOB-Light,JOB-Light:23:ci,DuckDB,696911,233497
JOB-Light,JOB-Light:23:ci,PostgreSQL,696911,694140
JOB-Light,JOB-Light:24:ci,DuckDB,190030,233497
JOB-Light,JOB-Light:24:ci,PostgreSQL,190030,184930
JOB-Light,JOB-Light:25:ci,DuckDB,39789,233497
JOB-Light,JOB-Light:25:ci,PostgreSQL,39789,38013
JOB-Light,JOB-Light:26:ci,DuckDB,696911,233497
JOB-Light,JOB-Light:26:ci,PostgreSQL,696911,694140
JOB-Light,JOB-Light:26:t,DuckDB,15118,50291
JOB-Light,JOB-Light:26:t,PostgreSQL,15118,14987
JOB-Light,JOB-Light:27:ci,DuckDB,696911,233497
JOB-Light,JOB-Light:27:ci,PostgreSQL,696911,694140
JOB-Light,JOB-Light:27:t,DuckDB,3048,50291
JOB-Light,JOB-Light:27:t,PostgreSQL,3048,2900
JOB-Light,JOB-Light:28:t,DuckDB,241478,50291
JOB-Light,JOB-Light:28:t,PostgreSQL,241478,241514
JOB-Light,JOB-Light:28:ci,DuckDB,930580,233497
JOB-Light,JOB-Light:28:ci,PostgreSQL,930580,928291
JOB-Light,JOB-Light:29:t,DuckDB,232500,50291
JOB-Light,JOB-Light:29:t,PostgreSQL,232500,232730
JOB-Light,JOB-Light:29:ci,DuckDB,930580,233497
JOB-Light,JOB-Light:29:ci,PostgreSQL,930580,928291
JOB-Light,JOB-Light:30:t,DuckDB,249934,50291
JOB-Light,JOB-Light:30:t,PostgreSQL,249934,250030
JOB-Light,JOB-Light:31:t,DuckDB,224176,50291
JOB-Light,JOB-Light:31:t,PostgreSQL,224176,224004
JOB-Light,JOB-Light:31:mk,DuckDB,12725,129
JOB-Light,JOB-Light:31:mk,PostgreSQL,12725,13633
JOB-Light,JOB-Light:31:mc,DuckDB,285649,223793
JOB-Light,JOB-Light:31:mc,PostgreSQL,285649,285127
JOB-Light,JOB-Light:32:mk,DuckDB,12725,129
JOB-Light,JOB-Light:32:mk,PostgreSQL,12725,13633
JOB-Light,JOB-Light:32:mc,DuckDB,285649,223793
JOB-Light,JOB-Light:32:mc,PostgreSQL,285649,285127
JOB-Light,JOB-Light:33:t,DuckDB,249934,50291
JOB-Light,JOB-Light:33:t,PostgreSQL,249934,250030
JOB-Light,JOB-Light:34:t,DuckDB,3072,50291
JOB-Light,JOB-Light:34:t,PostgreSQL,3072,2976
JOB-Light,JOB-Light:34:mi,DuckDB,245455,165479
JOB-Light,JOB-Light:34:mi,PostgreSQL,245455,249706
JOB-Light,JOB-Light:34:mi_idx,DuckDB,251455,251585
JOB-Light,JOB-Light:34:mi_idx,PostgreSQL,251455,252809
JOB-Light,JOB-Light:34:mc,DuckDB,285649,223793
JOB-Light,JOB-Light:34:mc,PostgreSQL,285649,285127
JOB-Light,JOB-Light:35:mi,DuckDB,100000,165479
JOB-Light,JOB-Light:35:mi,PostgreSQL,100000,105823
JOB-Light,JOB-Light:35:mi_idx,DuckDB,10,251585
JOB-Light,JOB-Light:35:mi_idx,PostgreSQL,10,1
JOB-Light,JOB-Light:36:t,DuckDB,14576,50291
JOB-Light,JOB-Light:36:t,PostgreSQL,14576,14392
JOB-Light,JOB-Light:36:mi,DuckDB,245455,165479
JOB-Light,JOB-Light:36:mi,PostgreSQL,245455,249706
JOB-Light,JOB-Light:36:mi_idx,DuckDB,251455,251585
JOB-Light,JOB-Light:36:mi_idx,PostgreSQL,251455,252809
JOB-Light,JOB-Light:36:mc,DuckDB,285649,223793
JOB-Light,JOB-Light:36:mc,PostgreSQL,285649,285127
JOB-Light,JOB-Light:37:t,DuckDB,100000,83819
JOB-Light,JOB-Light:37:t,PostgreSQL,100000,100356
JOB-Light,JOB-Light:37:mi,DuckDB,682960,165479
JOB-Light,JOB-Light:37:mi,PostgreSQL,682960,671758
JOB-Light,JOB-Light:37:mc,DuckDB,285649,223793
JOB-Light,JOB-Light:37:mc,PostgreSQL,285649,285127
JOB-Light,JOB-Light:37:mi_idx,DuckDB,251455,251585
JOB-Light,JOB-Light:37:mi_idx,PostgreSQL,251455,252809
JOB-Light,JOB-Light:38:t,DuckDB,81045,83819
JOB-Light,JOB-Light:38:t,PostgreSQL,81045,92883
JOB-Light,JOB-Light:38:mi,DuckDB,245455,165479
JOB-Light,JOB-Light:38:mi,PostgreSQL,245455,241763
JOB-Light,JOB-Light:38:mi_idx,DuckDB,251455,251585
JOB-Light,JOB-Light:38:mi_idx,PostgreSQL,251455,252809
JOB-Light,JOB-Light:39:t,DuckDB,100000,83819
JOB-Light,JOB-Light:39:t,PostgreSQL,100000,100356
JOB-Light,JOB-Light:39:mi,DuckDB,245455,165479
JOB-Light,JOB-Light:39:mi,PostgreSQL,245455,241763
JOB-Light,JOB-Light:39:mi_idx,DuckDB,251455,251585
JOB-Light,JOB-Light:39:mi_idx,PostgreSQL,251455,252809
JOB-Light,JOB-Light:40:t,DuckDB,241478,50291
JOB-Light,JOB-Light:40:t,PostgreSQL,241478,241514
JOB-Light,JOB-Light:40:mi,DuckDB,245455,165479
JOB-Light,JOB-Light:40:mi,PostgreSQL,245455,241763
JOB-Light,JOB-Light:40:mi_idx,DuckDB,251455,251585
JOB-Light,JOB-Light:40:mi_idx,PostgreSQL,251455,252809
JOB-Light,JOB-Light:41:t,DuckDB,249934,50291
JOB-Light,JOB-Light:41:t,PostgreSQL,249934,250030
JOB-Light,JOB-Light:41:mi,DuckDB,682960,165479
JOB-Light,JOB-Light:41:mi,PostgreSQL,682960,671758
JOB-Light,JOB-Light:42:t,DuckDB,6120,50291
JOB-Light,JOB-Light:42:t,PostgreSQL,6120,5876
JOB-Light,JOB-Light:42:mi,DuckDB,682960,165479
JOB-Light,JOB-Light:42:mi,PostgreSQL,682960,671758
JOB-Light,JOB-Light:43:t,DuckDB,249934,50291
JOB-Light,JOB-Light:43:t,PostgreSQL,249934,250030
JOB-Light,JOB-Light:43:mi,DuckDB,682960,165479
JOB-Light,JOB-Light:43:mi,PostgreSQL,682960,671758
JOB-Light,JOB-Light:44:mk,DuckDB,145455,129
JOB-Light,JOB-Light:44:mk,PostgreSQL,145455,143842
JOB-Light,JOB-Light:45:mi,DuckDB,100000,165479
JOB-Light,JOB-Light:45:mi,PostgreSQL,100000,105823
JOB-Light,JOB-Light:45:mi_idx,DuckDB,251455,251585
JOB-Light,JOB-Light:45:mi_idx,PostgreSQL,251455,250092
JOB-Light,JOB-Light:46:t,DuckDB,8985,50291
JOB-Light,JOB-Light:46:t,PostgreSQL,8985,8860
JOB-Light,JOB-Light:46:mi,DuckDB,245455,165479
JOB-Light,JOB-Light:46:mi,PostgreSQL,245455,249706
JOB-Light,JOB-Light:46:mi_idx,DuckDB,251455,251585
JOB-Light,JOB-Light:46:mi_idx,PostgreSQL,251455,252809
JOB-Light,JOB-Light:47:mi,DuckDB,245455,165479
JOB-Light,JOB-Light:47:mi,PostgreSQL,245455,249706
JOB-Light,JOB-Light:47:mi_idx,DuckDB,251455,251585
JOB-Light,JOB-Light:47:mi_idx,PostgreSQL,251455,250092
JOB-Light,JOB-Light:48:t,DuckDB,4594,50291
JOB-Light,JOB-Light:48:t,PostgreSQL,4594,4476
JOB-Light,JOB-Light:48:mi,DuckDB,682960,165479
JOB-Light,JOB-Light:48:mi,PostgreSQL,682960,671758
JOB-Light,JOB-Light:48:ci,DuckDB,696911,233497
JOB-Light,JOB-Light:48:ci,PostgreSQL,696911,694140
JOB-Light,JOB-Light:49:mi,DuckDB,682960,165479
JOB-Light,JOB-Light:49:mi,PostgreSQL,682960,671758
JOB-Light,JOB-Light:49:ci,DuckDB,696911,233497
JOB-Light,JOB-Light:49:ci,PostgreSQL,696911,694140
JOB-Light,JOB-Light:50:t,DuckDB,249934,50291
JOB-Light,JOB-Light:50:t,PostgreSQL,249934,250030
JOB-Light,JOB-Light:50:mi,DuckDB,682960,165479
JOB-Light,JOB-Light:50:mi,PostgreSQL,682960,671758
JOB-Light,JOB-Light:50:ci,DuckDB,696911,233497
JOB-Light,JOB-Light:50:ci,PostgreSQL,696911,694140
JOB-Light,JOB-Light:51:t,DuckDB,98479,83819
JOB-Light,JOB-Light:51:t,PostgreSQL,98479,99787
JOB-Light,JOB-Light:52:t,DuckDB,98479,83819
JOB-Light,JOB-Light:52:t,PostgreSQL,98479,99787
JOB-Light,JOB-Light:53:t,DuckDB,224176,50291
JOB-Light,JOB-Light:53:t,PostgreSQL,224176,224004
JOB-Light,JOB-Light:53:mk,DuckDB,12725,129
JOB-Light,JOB-Light:53:mk,PostgreSQL,12725,13633
JOB-Light,JOB-Light:53:mc,DuckDB,285649,223793
JOB-Light,JOB-Light:53:mc,PostgreSQL,285649,285127
JOB-Light,JOB-Light:54:t,DuckDB,224176,50291
JOB-Light,JOB-Light:54:t,PostgreSQL,224176,224004
JOB-Light,JOB-Light:54:mk,DuckDB,12725,129
JOB-Light,JOB-Light:54:mk,PostgreSQL,12725,13633
JOB-Light,JOB-Light:54:mc,DuckDB,285649,223793
JOB-Light,JOB-Light:54:mc,PostgreSQL,285649,285127
JOB-Light,JOB-Light:55:t,DuckDB,224176,50291
JOB-Light,JOB-Light:55:t,PostgreSQL,224176,224004
JOB-Light,JOB-Light:55:mk,DuckDB,12725,129
JOB-Light,JOB-Light:55:mk,PostgreSQL,12725,13633
JOB-Light,JOB-Light:55:mc,DuckDB,285649,223793
JOB-Light,JOB-Light:55:mc,PostgreSQL,285649,285127
JOB-Light,JOB-Light:56:t,DuckDB,236884,50291
JOB-Light,JOB-Light:56:t,PostgreSQL,236884,237038
JOB-Light,JOB-Light:56:mi,DuckDB,245455,165479
JOB-Light,JOB-Light:56:mi,PostgreSQL,245455,241763
JOB-Light,JOB-Light:56:mi_idx,DuckDB,251455,251585
JOB-Light,JOB-Light:56:mi_idx,PostgreSQL,251455,252809
JOB-Light,JOB-Light:57:t,DuckDB,235358,50291
JOB-Light,JOB-Light:57:t,PostgreSQL,235358,235638
JOB-Light,JOB-Light:57:mi,DuckDB,245455,165479
JOB-Light,JOB-Light:57:mi,PostgreSQL,245455,241763
JOB-Light,JOB-Light:57:mi_idx,DuckDB,251455,251585
JOB-Light,JOB-Light:57:mi_idx,PostgreSQL,251455,252809
JOB-Light,JOB-Light:58:t,DuckDB,232500,50291
JOB-Light,JOB-Light:58:t,PostgreSQL,232500,232730
JOB-Light,JOB-Light:58:mi,DuckDB,682960,165479
JOB-Light,JOB-Light:58:mi,PostgreSQL,682960,671758
JOB-Light,JOB-Light:58:ci,DuckDB,696911,233497
JOB-Light,JOB-Light:58:ci,PostgreSQL,696911,694140
JOB-Light,JOB-Light:59:t,DuckDB,232500,50291
JOB-Light,JOB-Light:59:t,PostgreSQL,232500,232730
JOB-Light,JOB-Light:59:mi,DuckDB,682960,165479
JOB-Light,JOB-Light:59:mi,PostgreSQL,682960,671758
JOB-Light,JOB-Light:59:mc,DuckDB,1854,95
JOB-Light,JOB-Light:59:mc,PostgreSQL,1854,1865
JOB-Light,JOB-Light:59:ci,DuckDB,696911,233497
JOB-Light,JOB-Light:59:ci,PostgreSQL,696911,694140
JOB-Light,JOB-Light:60:t,DuckDB,249934,50291
JOB-Light,JOB-Light:60:t,PostgreSQL,249934,250030
JOB-Light,JOB-Light:60:mi,DuckDB,682960,165479
JOB-Light,JOB-Light:60:mi,PostgreSQL,682960,671758
JOB-Light,JOB-Light:60:ci,DuckDB,696911,233497
JOB-Light,JOB-Light:60:ci,PostgreSQL,696911,694140
JOB-Light,JOB-Light:61:mi,DuckDB,245455,165479
JOB-Light,JOB-Light:61:mi,PostgreSQL,245455,249706
JOB-Light,JOB-Light:61:mi_idx,DuckDB,251455,251585
JOB-Light,JOB-Light:61:mi_idx,PostgreSQL,251455,250092
JOB-Light,JOB-Light:62:t,DuckDB,232500,50291
JOB-Light,JOB-Light:62:t,PostgreSQL,232500,232730
JOB-Light,JOB-Light:62:mi,DuckDB,245455,165479
JOB-Light,JOB-Light:62:mi,PostgreSQL,245455,249706
JOB-Light,JOB-Light:62:mi_idx,DuckDB,251455,251585
JOB-Light,JOB-Light:62:mi_idx,PostgreSQL,251455,250092
JOB-Light,JOB-Light:63:t,DuckDB,98479,83819
JOB-Light,JOB-Light:63:t,PostgreSQL,98479,99787
JOB-Light,JOB-Light:63:mi_idx,DuckDB,251455,251585
JOB-Light,JOB-Light:63:mi_idx,PostgreSQL,251455,252809
JOB-Light,JOB-Light:64:t,DuckDB,90023,83819
JOB-Light,JOB-Light:64:t,PostgreSQL,90023,96388
JOB-Light,JOB-Light:64:mi_idx,DuckDB,251455,251585
JOB-Light,JOB-Light:64:mi_idx,PostgreSQL,251455,252809
JOB-Light,JOB-Light:65:t,DuckDB,16384,3224
JOB-Light,JOB-Light:65:t,PostgreSQL,16384,16445
JOB-Light,JOB-Light:65:mk,DuckDB,12725,129
JOB-Light,JOB-Light:65:mk,PostgreSQL,12725,13633
JOB-Light,JOB-Light:65:mc,DuckDB,285649,223793
JOB-Light,JOB-Light:65:mc,PostgreSQL,285649,285127
JOB-Light,JOB-Light:66:t,DuckDB,249934,50291
JOB-Light,JOB-Light:66:t,PostgreSQL,249934,250030
JOB-Light,JOB-Light:66:mi,DuckDB,245455,165479
JOB-Light,JOB-Light:66:mi,PostgreSQL,245455,241763
JOB-Light,JOB-Light:66:mi_idx,DuckDB,251455,251585
JOB-Light,JOB-Light:66:mi_idx,PostgreSQL,251455,252809
JOB-Light,JOB-Light:67:t,DuckDB,241478,50291
JOB-Light,JOB-Light:67:t,PostgreSQL,241478,241514
JOB-Light,JOB-Light:67:mi,DuckDB,245455,165479
JOB-Light,JOB-Light:67:mi,PostgreSQL,245455,241763
JOB-Light,JOB-Light:67:mi_idx,DuckDB,251455,251585
JOB-Light,JOB-Light:67:mi_idx,PostgreSQL,251455,252809
JOB-Light,JOB-Light:68:t,DuckDB,224176,50291
JOB-Light,JOB-Light:68:t,PostgreSQL,224176,224004
JOB-Light,JOB-Light:68:mi,DuckDB,682960,165479
JOB-Light,JOB-Light:68:mi,PostgreSQL,682960,671758
JOB-Light,JOB-Light:68:ci,DuckDB,696911,233497
JOB-Light,JOB-Light:68:ci,PostgreSQL,696911,694140
JOB-Light,JOB-Light:68:mk,DuckDB,11922,129
JOB-Light,JOB-Light:68:mk,PostgreSQL,11922,11964
JOB-Light,JOB-Light:69:t,DuckDB,224176,50291
JOB-Light,JOB-Light:69:t,PostgreSQL,224176,224004
JOB-Light,JOB-Light:69:mi,DuckDB,682960,165479
JOB-Light,JOB-Light:69:mi,PostgreSQL,682960,671758
JOB-Light,JOB-Light:69:ci,DuckDB,696911,233497
JOB-Light,JOB-Light:69:ci,PostgreSQL,696911,694140
JOB-Light,JOB-Light:69:mk,DuckDB,11922,129
JOB-Light,JOB-Light:69:mk,PostgreSQL,11922,11964
JOB-Light,JOB-Light:70:t,DuckDB,249934,50291
JOB-Light,JOB-Light:70:t,PostgreSQL,249934,250030
JOB-Light,JOB-Light:70:mi,DuckDB,245455,165479
JOB-Light,JOB-Light:70:mi,PostgreSQL,245455,249706
JOB-Light,JOB-Light:70:mi_idx,DuckDB,251455,251585
JOB-Light,JOB-Light:70:mi_idx,PostgreSQL,251455,250092
