workload,query_id,method,seed,actual_runtime,predicted_value
JOB-Light,01,PostgreSQL scaled planner cost,,60.395,83.26362733848663
JOB-Light,02,PostgreSQL scaled planner cost,,52.894,81.97039941936437
JOB-Light,03,PostgreSQL scaled planner cost,,57.139,89.3277522626105
JOB-Light,04,PostgreSQL scaled planner cost,,53.329,76.21441654980575
JOB-Light,05,PostgreSQL scaled planner cost,,443.969,409.7668889994157
JOB-Light,06,PostgreSQL scaled planner cost,,5322.207,3523.5618399049054
JOB-Light,07,PostgreSQL scaled planner cost,,4831.231,3447.672748480821
JOB-Light,08,PostgreSQL scaled planner cost,,5459.938,3597.1368675314943
JOB-Light,09,PostgreSQL scaled planner cost,,1081.971,878.8957533585985
JOB-Light,10,PostgreSQL scaled planner cost,,1067.701,867.8112885911405
JOB-Light,11,PostgreSQL scaled planner cost,,1110.738,889.6445139640657
JOB-Light,12,PostgreSQL scaled planner cost,,1993.164,1602.2100990121776
JOB-Light,13,PostgreSQL scaled planner cost,,2291.36,1582.5027309124018
JOB-Light,14,PostgreSQL scaled planner cost,,2041.033,1621.320903171734
JOB-Light,15,PostgreSQL scaled planner cost,,239.744,420.8585037696369
JOB-Light,16,PostgreSQL scaled planner cost,,5383.029,3675.5233857271596
JOB-Light,17,PostgreSQL scaled planner cost,,166.524,413.9571365864772
JOB-Light,18,PostgreSQL scaled planner cost,,185.835,440.1195733098439
JOB-Light,19,PostgreSQL scaled planner cost,,6107.197,3899.0090616092407
JOB-Light,20,PostgreSQL scaled planner cost,,240.164,472.89876097734816
JOB-Light,21,PostgreSQL scaled planner cost,,45.445,243.33973436112606
JOB-Light,22,PostgreSQL scaled planner cost,,115.461,370.9181562444026
JOB-Light,23,PostgreSQL scaled planner cost,,1192.679,1116.3308539862683
JOB-Light,24,PostgreSQL scaled planner cost,,639.736,677.1558882995321
JOB-Light,25,PostgreSQL scaled planner cost,,296.634,486.46081702485105
JOB-Light,26,PostgreSQL scaled planner cost,,374.867,505.1873661972026
JOB-Light,27,PostgreSQL scaled planner cost,,61.446,197.19350120535162
JOB-Light,28,PostgreSQL scaled planner cost,,1354.618,1264.1954482252572
JOB-Light,29,PostgreSQL scaled planner cost,,1371.193,1248.3607292027104
JOB-Light,30,PostgreSQL scaled planner cost,,2806.109,2104.4750745638944
JOB-Light,31,PostgreSQL scaled planner cost,,146.979,263.64827930612955
JOB-Light,32,PostgreSQL scaled planner cost,,103.83,261.4343155473183
JOB-Light,33,PostgreSQL scaled planner cost,,1586.751,1118.8664525467946
JOB-Light,34,PostgreSQL scaled planner cost,,221.964,242.140379058926
JOB-Light,35,PostgreSQL scaled planner cost,,46.959,69.038812163893
JOB-Light,36,PostgreSQL scaled planner cost,,296.223,464.1026430619628
JOB-Light,37,PostgreSQL scaled planner cost,,1215.752,848.4686859549088
JOB-Light,38,PostgreSQL scaled planner cost,,1028.147,875.6178230595855
JOB-Light,39,PostgreSQL scaled planner cost,,1028.227,882.0871916887027
JOB-Light,40,PostgreSQL scaled planner cost,,1688.823,1299.1978254615897
JOB-Light,41,PostgreSQL scaled planner cost,,5098.419,2643.672928097985
JOB-Light,42,PostgreSQL scaled planner cost,,696.987,492.437758044315
JOB-Light,43,PostgreSQL scaled planner cost,,5097.695,2643.672928097985
JOB-Light,44,PostgreSQL scaled planner cost,,1591.669,1736.6495251597896
JOB-Light,45,PostgreSQL scaled planner cost,,2083.585,1405.9617820430597
JOB-Light,46,PostgreSQL scaled planner cost,,297.206,406.79375639883693
JOB-Light,47,PostgreSQL scaled planner cost,,2700.603,2094.180800424386
JOB-Light,48,PostgreSQL scaled planner cost,,384.56,473.02250215420014
JOB-Light,49,PostgreSQL scaled planner cost,,3665.639,2411.314329432127
JOB-Light,50,PostgreSQL scaled planner cost,,3011.777,2412.1153603868465
JOB-Light,51,PostgreSQL scaled planner cost,,7527.353,2265.3629375453975
JOB-Light,52,PostgreSQL scaled planner cost,,7342.987,2265.3629375453975
JOB-Light,53,PostgreSQL scaled planner cost,,264.868,408.84649912760244
JOB-Light,54,PostgreSQL scaled planner cost,,141.744,408.84649912760244
JOB-Light,55,PostgreSQL scaled planner cost,,137.136,408.84649912760244
JOB-Light,56,PostgreSQL scaled planner cost,,2699.459,1727.5879345611672
JOB-Light,57,PostgreSQL scaled planner cost,,2727.43,1723.8853863561253
JOB-Light,58,PostgreSQL scaled planner cost,,12398.949,5610.361415702626
JOB-Light,59,PostgreSQL scaled planner cost,,375.88,287.6532603570386
JOB-Light,60,PostgreSQL scaled planner cost,,14090.695,5895.513212996201
JOB-Light,61,PostgreSQL scaled planner cost,,7447.907,4540.131473080424
JOB-Light,62,PostgreSQL scaled planner cost,,6118.891,4360.29114390378
JOB-Light,63,PostgreSQL scaled planner cost,,7543.192,2400.405962313367
JOB-Light,64,PostgreSQL scaled planner cost,,6824.035,2355.5406175558173
JOB-Light,65,PostgreSQL scaled planner cost,,52.404,171.12286129165332
JOB-Light,66,PostgreSQL scaled planner cost,,2298.988,1761.9378163840527
JOB-Light,67,PostgreSQL scaled planner cost,,2205.677,1739.4522109203058
JOB-Light,68,PostgreSQL scaled planner cost,,469.615,787.6286205078054
JOB-Light,69,PostgreSQL scaled planner cost,,371.362,787.6286205078054
JOB-Light,70,PostgreSQL scaled planner cost,,7238.31,4533.433650330763
JOB,1a,PostgreSQL scaled planner cost,,644.186,654.0642815162498
JOB,1b,PostgreSQL scaled planner cost,,136.42,402.33765365197013
JOB,1c,PostgreSQL scaled planner cost,,580.62,671.9617023709675
JOB,1d,PostgreSQL scaled planner cost,,1290.618,719.5595661502056
JOB,2a,PostgreSQL scaled planner cost,,70.585,194.3252263965548
JOB,2b,PostgreSQL scaled planner cost,,133.662,194.3252263965548
JOB,2c,PostgreSQL scaled planner cost,,67.222,194.3252263965548
JOB,2d,PostgreSQL scaled planner cost,,128.156,194.3252263965548
JOB,3a,PostgreSQL scaled planner cost,,92.135,206.33779146858603
JOB,3b,PostgreSQL scaled planner cost,,85.802,206.00838759144196
JOB,3c,PostgreSQL scaled planner cost,,70.463,206.1903141925613
JOB,4a,PostgreSQL scaled planner cost,,128.975,203.95224688207762
JOB,4b,PostgreSQL scaled planner cost,,59.986,205.07113818473644
JOB,4c,PostgreSQL scaled planner cost,,124.953,205.0762628777257
JOB,5a,PostgreSQL scaled planner cost,,1399.873,613.2560665374716
JOB,5b,PostgreSQL scaled planner cost,,1129.592,500.22441444014896
JOB,5c,PostgreSQL scaled planner cost,,1182.727,706.987555426845
JOB,6a,PostgreSQL scaled planner cost,,336.027,365.8598042491308
JOB,6b,PostgreSQL scaled planner cost,,501.334,445.720457447528
JOB,6c,PostgreSQL scaled planner cost,,456.945,508.58307341082576
JOB,6d,PostgreSQL scaled planner cost,,485.449,445.720457447528
JOB,6e,PostgreSQL scaled planner cost,,300.351,365.8598042491308
JOB,6f,PostgreSQL scaled planner cost,,751.548,610.1986177590358
JOB,7a,PostgreSQL scaled planner cost,,80.31,355.7934836923605
JOB,7b,PostgreSQL scaled planner cost,,1781.288,331.8583203807765
JOB,7c,PostgreSQL scaled planner cost,,179.471,477.1980300186634
JOB,8a,PostgreSQL scaled planner cost,,127.826,359.47158973283103
JOB,8b,PostgreSQL scaled planner cost,,72.572,338.1007658520479
JOB,8c,PostgreSQL scaled planner cost,,1640.984,2261.9703021114865
JOB,8d,PostgreSQL scaled planner cost,,1580.223,2261.9703021114865
JOB,9a,PostgreSQL scaled planner cost,,377.936,842.1504789035262
JOB,9b,PostgreSQL scaled planner cost,,263.261,840.508299505629
JOB,9c,PostgreSQL scaled planner cost,,300.166,1000.2893939872982
JOB,9d,PostgreSQL scaled planner cost,,1032.479,1647.3914953724493
JOB,10a,PostgreSQL scaled planner cost,,719.548,1449.7050397852609
JOB,10b,PostgreSQL scaled planner cost,,707.988,1448.8876512534712
JOB,10c,PostgreSQL scaled planner cost,,868.222,2533.131474022101
JOB,11a,PostgreSQL scaled planner cost,,78.897,173.14942555453035
JOB,11b,PostgreSQL scaled planner cost,,8.244,148.42278188126912
JOB,11c,PostgreSQL scaled planner cost,,65.323,212.24343072839557
JOB,11d,PostgreSQL scaled planner cost,,115.348,230.1009928598632
JOB,12a,PostgreSQL scaled planner cost,,431.582,396.0772717552362
JOB,12b,PostgreSQL scaled planner cost,,45.723,207.94182037422974
JOB,12c,PostgreSQL scaled planner cost,,4074.025,419.8256684778777
JOB,13a,PostgreSQL scaled planner cost,,182.343,429.2252095357098
JOB,13b,PostgreSQL scaled planner cost,,140.518,214.77417494960017
JOB,13c,PostgreSQL scaled planner cost,,7754.204,153.76214256576355
JOB,13d,PostgreSQL scaled planner cost,,2474.93,476.3333804293059
JOB,14a,PostgreSQL scaled planner cost,,331.414,209.5020046842985
JOB,14b,PostgreSQL scaled planner cost,,49.234,175.2172391757036
JOB,14c,PostgreSQL scaled planner cost,,470.61,230.72108071156572
JOB,15a,PostgreSQL scaled planner cost,,217.778,489.0611248785074
JOB,15b,PostgreSQL scaled planner cost,,6.111,176.69428957727965
JOB,15c,PostgreSQL scaled planner cost,,1206.931,966.7778877097521
JOB,15d,PostgreSQL scaled planner cost,,2486.46,1072.5054287715245
JOB,16a,PostgreSQL scaled planner cost,,288.992,370.471743234314
JOB,16b,PostgreSQL scaled planner cost,,517.463,386.3494656409243
JOB,16c,PostgreSQL scaled planner cost,,861.109,360.84586156945545
JOB,16d,PostgreSQL scaled planner cost,,264.803,390.54431155781356
JOB,17a,PostgreSQL scaled planner cost,,242.294,358.49448160287557
JOB,17b,PostgreSQL scaled planner cost,,233.905,356.0474407004958
JOB,17c,PostgreSQL scaled planner cost,,92.156,356.132567545151
JOB,17d,PostgreSQL scaled planner cost,,605.086,504.42894033268465
JOB,17e,PostgreSQL scaled planner cost,,448.73,506.645654755713
JOB,17f,PostgreSQL scaled planner cost,,610.705,504.42894033268465
JOB,18a,PostgreSQL scaled planner cost,,101.77,514.9234574592256
JOB,18b,PostgreSQL scaled planner cost,,159.714,562.297827683098
JOB,18c,PostgreSQL scaled planner cost,,3357.315,1195.8755795643813
JOB,19a,PostgreSQL scaled planner cost,,249.625,839.7971060007837
JOB,19b,PostgreSQL scaled planner cost,,188.458,838.7166498955445
JOB,19c,PostgreSQL scaled planner cost,,2509.649,1595.5125200110026
JOB,19d,PostgreSQL scaled planner cost,,1926.511,1669.0706549480872
JOB,20a,PostgreSQL scaled planner cost,,867.607,971.5321792779707
JOB,20b,PostgreSQL scaled planner cost,,817.902,986.1102226014672
JOB,20c,PostgreSQL scaled planner cost,,598.908,930.3236688356966
JOB,21a,PostgreSQL scaled planner cost,,45.2,172.47154255411544
JOB,21b,PostgreSQL scaled planner cost,,41.867,172.4681260921226
JOB,21c,PostgreSQL scaled planner cost,,980.945,201.69880549262612
JOB,22a,PostgreSQL scaled planner cost,,19589.107,237.97622245855152
JOB,22b,PostgreSQL scaled planner cost,,20080.398,237.97622245855152
JOB,22c,PostgreSQL scaled planner cost,,20982.084,237.97764598438187
JOB,22d,PostgreSQL scaled planner cost,,45010.052,238.04227405708
JOB,23a,PostgreSQL scaled planner cost,,1705.8,786.5412964562178
JOB,23b,PostgreSQL scaled planner cost,,5870.809,216.59030920396668
JOB,23c,PostgreSQL scaled planner cost,,1130.395,965.8303889170678
JOB,24a,PostgreSQL scaled planner cost,,475.505,861.4751267557573
JOB,24b,PostgreSQL scaled planner cost,,281.627,852.3728178913033
JOB,25a,PostgreSQL scaled planner cost,,1085.299,399.56804179643206
JOB,25b,PostgreSQL scaled planner cost,,95.163,362.42085054815993
JOB,25c,PostgreSQL scaled planner cost,,2220.536,418.8323321534562
JOB,26a,PostgreSQL scaled planner cost,,155244.273,951.3576865050177
JOB,26b,PostgreSQL scaled planner cost,,605.05,904.5296654948354
JOB,26c,PostgreSQL scaled planner cost,,949535.754,951.5450225042924
JOB,27a,PostgreSQL scaled planner cost,,13.912,172.5082695205386
JOB,27b,PostgreSQL scaled planner cost,,15.28,154.61056396065496
JOB,27c,PostgreSQL scaled planner cost,,941.188,201.07245412727005
JOB,28a,PostgreSQL scaled planner cost,,539.116,241.34200693184218
JOB,28b,PostgreSQL scaled planner cost,,390.564,237.84725101832137
JOB,28c,PostgreSQL scaled planner cost,,7118.26,238.0220599902889
JOB,29a,PostgreSQL scaled planner cost,,379.82,822.9351578350661
JOB,29b,PostgreSQL scaled planner cost,,135.391,818.5612323687183
JOB,29c,PostgreSQL scaled planner cost,,239.637,852.6051373068171
JOB,30a,PostgreSQL scaled planner cost,,237.461,436.25828125316025
JOB,30b,PostgreSQL scaled planner cost,,144.991,452.20376348929545
JOB,30c,PostgreSQL scaled planner cost,,248.811,418.7537535276206
JOB,31a,PostgreSQL scaled planner cost,,122.923,368.3455650540962
JOB,31b,PostgreSQL scaled planner cost,,167.758,413.71931207598817
JOB,31c,PostgreSQL scaled planner cost,,128.983,363.5286383493419
JOB,32a,PostgreSQL scaled planner cost,,99.675,356.77913297729816
JOB,32b,PostgreSQL scaled planner cost,,103.93,356.77913297729816
JOB,33a,PostgreSQL scaled planner cost,,3504.753,196.96814445319134
JOB,33b,PostgreSQL scaled planner cost,,1261.504,196.8346177303041
JOB,33c,PostgreSQL scaled planner cost,,104.324,343.9543040664665
JOB-Complex,01,PostgreSQL scaled planner cost,,12.135,98.24265593553156
JOB-Complex,02,PostgreSQL scaled planner cost,,9.894,98.23019951171102
JOB-Complex,03,PostgreSQL scaled planner cost,,11.164,98.2436698304937
JOB-Complex,04,PostgreSQL scaled planner cost,,11.569,98.2436698304937
JOB-Complex,05,PostgreSQL scaled planner cost,,364.396,159.28854739513167
JOB-Complex,06,PostgreSQL scaled planner cost,,9.569,98.24207656698177
JOB-Complex,07,PostgreSQL scaled planner cost,,9.995,98.24207656698177
JOB-Complex,08,PostgreSQL scaled planner cost,,340.502,490.9770421514798
JOB-Complex,09,PostgreSQL scaled planner cost,,620.236,118.97420075276544
JOB-Complex,10,PostgreSQL scaled planner cost,,118.411,185.7826366507417
JOB-Complex,11,PostgreSQL scaled planner cost,,369.0,490.13999943916673
JOB-Complex,12,PostgreSQL scaled planner cost,,597.92,487.17986067613816
JOB-Complex,13,PostgreSQL scaled planner cost,,326.293,133.89554806840277
JOB-Complex,14,PostgreSQL scaled planner cost,,945.244,205.06474619853157
JOB-Complex,15,PostgreSQL scaled planner cost,,3760.36,200.10303393810648
JOB-Complex,16,PostgreSQL scaled planner cost,,259.217,262.0540439146203
JOB-Complex,17,PostgreSQL scaled planner cost,,1412.148,466.21396128051305
JOB-Complex,18,PostgreSQL scaled planner cost,,134.21,108.45822704761473
JOB-Complex,19,PostgreSQL scaled planner cost,,352.273,471.5800727886935
JOB-Complex,20,PostgreSQL scaled planner cost,,172.393,94.11827607169444
JOB-Complex,21,PostgreSQL scaled planner cost,,395.44,472.27212852142094
JOB-Complex,22,PostgreSQL scaled planner cost,,732.69,539.7120761386713
JOB-Complex,23,PostgreSQL scaled planner cost,,4158.241,503.4131880727811
JOB-Complex,24,PostgreSQL scaled planner cost,,346.092,446.1850456720403
JOB-Complex,25,PostgreSQL scaled planner cost,,513.566,476.9676209332162
JOB-Complex,26,PostgreSQL scaled planner cost,,143.392,87.8579092069089
JOB-Complex,27,PostgreSQL scaled planner cost,,785.468,179.42957081798932
JOB-Complex,28,PostgreSQL scaled planner cost,,86.396,97.77974046424715
JOB-Complex,29,PostgreSQL scaled planner cost,,279.755,443.66522700685425
JOB-Complex,30,PostgreSQL scaled planner cost,,668.001,179.42957081798932
JOB-Light,49,Pretrained ZeroShot,0,3.6656389236450195,8.458415985107422
JOB-Light,37,Pretrained ZeroShot,0,1.2157520055770874,3.4175188541412354
JOB-Light,31,Pretrained ZeroShot,0,0.14697900414466858,0.11225387454032898
JOB-Light,43,Pretrained ZeroShot,0,5.098418712615967,11.091259956359863
JOB-Light,20,Pretrained ZeroShot,0,0.24016399681568146,0.23411482572555542
JOB-Light,36,Pretrained ZeroShot,0,0.296222984790802,0.11709263175725937
JOB-Light,08,Pretrained ZeroShot,0,5.459938049316406,12.90869140625
JOB-Light,19,Pretrained ZeroShot,0,6.107196807861328,13.413290023803711
JOB-Light,09,Pretrained ZeroShot,0,1.0819709300994873,3.9866576194763184
JOB-Light,21,Pretrained ZeroShot,0,0.045444998890161514,0.15884146094322205
JOB-Light,62,Pretrained ZeroShot,0,6.11889123916626,11.634374618530273
JOB-Light,05,Pretrained ZeroShot,0,0.4439689815044403,3.570323944091797
JOB-Light,40,Pretrained ZeroShot,0,1.6888229846954346,5.588109016418457
JOB-Light,69,Pretrained ZeroShot,0,0.46961498260498047,0.7328740358352661
JOB-Light,25,Pretrained ZeroShot,0,0.2966339886188507,2.0800981521606445
JOB-Light,17,Pretrained ZeroShot,0,0.1665240079164505,0.3509190082550049
JOB-Light,26,Pretrained ZeroShot,0,0.3748669922351837,0.24789157509803772
JOB-Light,61,Pretrained ZeroShot,0,7.447907447814941,11.903424263000488
JOB-Light,44,Pretrained ZeroShot,0,1.591668963432312,7.70826530456543
JOB-Light,56,Pretrained ZeroShot,0,2.6994590759277344,7.279687881469727
JOB-Light,06,Pretrained ZeroShot,0,5.322206974029541,12.492206573486328
JOB-Light,59,Pretrained ZeroShot,0,0.37588000297546387,0.522453784942627
JOB-Light,45,Pretrained ZeroShot,0,2.083585023880005,4.745963096618652
JOB-Light,27,Pretrained ZeroShot,0,0.06144599989056587,0.15228784084320068
JOB-Light,33,Pretrained ZeroShot,0,1.5867509841918945,5.862335681915283
JOB-Light,01,Pretrained ZeroShot,0,0.060394998639822006,0.6906054615974426
JOB-Light,63,Pretrained ZeroShot,0,7.543191909790039,6.802495002746582
JOB-Light,15,Pretrained ZeroShot,0,0.23974400758743286,0.35524383187294006
JOB-Light,55,Pretrained ZeroShot,0,0.141744002699852,0.25423213839530945
JOB-Light,60,Pretrained ZeroShot,0,14.09069538116455,17.22831153869629
JOB-Light,66,Pretrained ZeroShot,0,2.298988103866577,7.500072479248047
JOB-Light,22,Pretrained ZeroShot,0,0.11546099931001663,0.14331203699111938
JOB-Light,47,Pretrained ZeroShot,0,2.7006030082702637,6.393547534942627
JOB-Light,38,Pretrained ZeroShot,0,1.0281469821929932,2.1028056144714355
JOB-Light,12,Pretrained ZeroShot,0,1.9931639432907104,5.329542636871338
JOB-Light,04,Pretrained ZeroShot,0,0.053328998386859894,0.1505265235900879
JOB-Light,14,Pretrained ZeroShot,0,2.0410330295562744,5.393672943115234
JOB-Light,50,Pretrained ZeroShot,0,3.01177716255188,8.492287635803223
JOB-Light,35,Pretrained ZeroShot,0,0.04695899784564972,0.22033613920211792
JOB-Light,07,Pretrained ZeroShot,0,4.831231117248535,12.06840705871582
JOB-Light,58,Pretrained ZeroShot,0,12.39894962310791,16.268144607543945
JOB-Light,13,Pretrained ZeroShot,0,2.2913601398468018,5.241275787353516
JOB-Light,28,Pretrained ZeroShot,0,1.3546180725097656,4.897891998291016
JOB-Light,02,Pretrained ZeroShot,0,0.052893999963998795,0.12551048398017883
JOB-Light,70,Pretrained ZeroShot,0,7.238309860229492,11.780465126037598
JOB-Light,16,Pretrained ZeroShot,0,5.383028984069824,12.239575386047363
JOB-Light,43,Pretrained ZeroShot,0,5.0976948738098145,11.091262817382812
JOB-Light,55,Pretrained ZeroShot,0,0.26486802101135254,0.25423216819763184
JOB-Light,64,Pretrained ZeroShot,0,6.824035167694092,6.630767345428467
JOB-Light,57,Pretrained ZeroShot,0,2.7274298667907715,7.007603645324707
JOB-Light,34,Pretrained ZeroShot,0,0.2219640016555786,0.5707090497016907
JOB-Light,48,Pretrained ZeroShot,0,0.3845599889755249,0.195732980966568
JOB-Light,03,Pretrained ZeroShot,0,0.05713900178670883,0.6260399222373962
JOB-Light,65,Pretrained ZeroShot,0,0.052403997629880905,0.20171016454696655
JOB-Light,67,Pretrained ZeroShot,0,2.205677032470703,7.096628665924072
JOB-Light,11,Pretrained ZeroShot,0,1.1107380390167236,4.061016082763672
JOB-Light,24,Pretrained ZeroShot,0,0.639735996723175,1.8803482055664062
JOB-Light,32,Pretrained ZeroShot,0,0.1038300022482872,0.11379480361938477
JOB-Light,29,Pretrained ZeroShot,0,1.3711930513381958,4.816366195678711
JOB-Light,23,Pretrained ZeroShot,0,1.1926789283752441,5.068594455718994
JOB-Light,42,Pretrained ZeroShot,0,0.696986973285675,0.1265925019979477
JOB-Light,52,Pretrained ZeroShot,0,7.527352809906006,8.421012878417969
JOB-Light,46,Pretrained ZeroShot,0,0.29720598459243774,0.2987891137599945
JOB-Light,55,Pretrained ZeroShot,0,0.13713599741458893,0.2542320489883423
JOB-Light,39,Pretrained ZeroShot,0,1.0282270908355713,2.962822437286377
JOB-Light,69,Pretrained ZeroShot,0,0.37136200070381165,0.7328742146492004
JOB-Light,18,Pretrained ZeroShot,0,0.18583500385284424,0.37377244234085083
JOB-Light,10,Pretrained ZeroShot,0,1.0677011013031006,3.9084067344665527
JOB-Light,30,Pretrained ZeroShot,0,2.8061089515686035,7.01920223236084
JOB-Light,52,Pretrained ZeroShot,0,7.342986583709717,8.421011924743652
JOB,17e,Pretrained ZeroShot,0,0.4487300217151642,0.6965057253837585
JOB,31a,Pretrained ZeroShot,0,0.12292299419641495,0.5662172436714172
JOB,33c,Pretrained ZeroShot,0,0.10432399809360504,9.263998031616211
JOB,18c,Pretrained ZeroShot,0,3.3573148250579834,0.3795297145843506
JOB,11a,Pretrained ZeroShot,0,0.07889700680971146,0.3075472116470337
JOB,26a,Pretrained ZeroShot,0,155.2442626953125,0.9123706221580505
JOB,33b,Pretrained ZeroShot,0,1.261504054069519,0.15343865752220154
JOB,19a,Pretrained ZeroShot,0,0.24962499737739563,0.307905375957489
JOB,1d,Pretrained ZeroShot,0,1.2906180620193481,0.3108745515346527
JOB,9d,Pretrained ZeroShot,0,1.0324790477752686,2.141263484954834
JOB,8b,Pretrained ZeroShot,0,0.0725720003247261,0.11716695129871368
JOB,16d,Pretrained ZeroShot,0,0.264803022146225,1.232476830482483
JOB,14c,Pretrained ZeroShot,0,0.47060999274253845,0.9780356884002686
JOB,13a,Pretrained ZeroShot,0,0.1823430061340332,0.6715059876441956
JOB,1c,Pretrained ZeroShot,0,0.5806199908256531,0.14966903626918793
JOB,8d,Pretrained ZeroShot,0,1.5802229642868042,4.128836631774902
JOB,16a,Pretrained ZeroShot,0,0.2889920175075531,1.6210691928863525
JOB,17b,Pretrained ZeroShot,0,0.23390500247478485,0.6665258407592773
JOB,13c,Pretrained ZeroShot,0,7.754204273223877,0.11682632565498352
JOB,16c,Pretrained ZeroShot,0,0.8611090183258057,1.659440279006958
JOB,20c,Pretrained ZeroShot,0,0.598908007144928,0.5493725538253784
JOB,21a,Pretrained ZeroShot,0,0.04520000144839287,0.4049455225467682
JOB,1a,Pretrained ZeroShot,0,0.6441859602928162,0.15337634086608887
JOB,8a,Pretrained ZeroShot,0,0.12782599031925201,0.1081719696521759
JOB,4b,Pretrained ZeroShot,0,0.05998599901795387,0.40200790762901306
JOB,27a,Pretrained ZeroShot,0,0.013911999762058258,0.2899326682090759
JOB,19c,Pretrained ZeroShot,0,2.5096490383148193,0.7026504874229431
JOB,22b,Pretrained ZeroShot,0,20.080398559570312,0.949645459651947
JOB,32b,Pretrained ZeroShot,0,0.10393000394105911,1.2912659645080566
JOB,22d,Pretrained ZeroShot,0,45.01005172729492,0.988049328327179
JOB,15c,Pretrained ZeroShot,0,1.2069309949874878,1.0542287826538086
JOB,17f,Pretrained ZeroShot,0,0.6050859689712524,3.082828998565674
JOB,29b,Pretrained ZeroShot,0,0.1353910118341446,0.10764184594154358
JOB,18b,Pretrained ZeroShot,0,0.1597139984369278,0.7204532027244568
JOB,14b,Pretrained ZeroShot,0,0.04923400282859802,0.12823227047920227
JOB,2b,Pretrained ZeroShot,0,0.13366200029850006,0.5986571311950684
JOB,7a,Pretrained ZeroShot,0,0.08030999451875687,0.2677442133426666
JOB,4c,Pretrained ZeroShot,0,0.1249530017375946,0.402010440826416
JOB,5b,Pretrained ZeroShot,0,1.1295920610427856,0.5713838934898376
JOB,31b,Pretrained ZeroShot,0,0.1677580028772354,0.12987296283245087
JOB,20a,Pretrained ZeroShot,0,0.8676069974899292,0.5245499610900879
JOB,8c,Pretrained ZeroShot,0,1.640984058380127,4.128836631774902
JOB,6e,Pretrained ZeroShot,0,0.33602699637413025,0.4546995162963867
JOB,20b,Pretrained ZeroShot,0,0.8179019689559937,0.6702361702919006
JOB,15a,Pretrained ZeroShot,0,0.21777799725532532,1.1228679418563843
JOB,23a,Pretrained ZeroShot,0,1.7058000564575195,0.4742339849472046
JOB,7c,Pretrained ZeroShot,0,0.1794709861278534,0.43075641989707947
JOB,3c,Pretrained ZeroShot,0,0.07046299427747726,0.5153138041496277
JOB,4a,Pretrained ZeroShot,0,0.1289750039577484,0.40114927291870117
JOB,18a,Pretrained ZeroShot,0,0.10176999866962433,0.10862139612436295
JOB,21b,Pretrained ZeroShot,0,0.04186699911952019,0.4092937707901001
JOB,27c,Pretrained ZeroShot,0,0.9411879777908325,0.2836259603500366
JOB,9b,Pretrained ZeroShot,0,0.26326099038124084,0.2916908264160156
JOB,24a,Pretrained ZeroShot,0,0.475504994392395,0.48871898651123047
JOB,25c,Pretrained ZeroShot,0,2.22053599357605,0.6608900427818298
JOB,30b,Pretrained ZeroShot,0,0.14499099552631378,0.35923582315444946
JOB,24b,Pretrained ZeroShot,0,0.28162699937820435,0.16546416282653809
JOB,33a,Pretrained ZeroShot,0,3.5047528743743896,0.15225982666015625
JOB,13b,Pretrained ZeroShot,0,0.14051800966262817,0.19505168497562408
JOB,2d,Pretrained ZeroShot,0,0.12815600633621216,0.5986570715904236
JOB,28a,Pretrained ZeroShot,0,0.5391160249710083,0.42430099844932556
JOB,6f,Pretrained ZeroShot,0,0.7515479922294617,0.6472043395042419
JOB,2c,Pretrained ZeroShot,0,0.067221999168396,0.5986570715904236
JOB,5c,Pretrained ZeroShot,0,1.1827270984649658,0.285094678401947
JOB,29a,Pretrained ZeroShot,0,0.3798200190067291,0.11857226490974426
JOB,9c,Pretrained ZeroShot,0,0.30016598105430603,3.1958718299865723
JOB,26c,Pretrained ZeroShot,0,949.5357666015625,0.9275954961776733
JOB,15d,Pretrained ZeroShot,0,2.486459970474243,1.1956599950790405
JOB,11b,Pretrained ZeroShot,0,0.008244000375270844,0.10882921516895294
JOB,9a,Pretrained ZeroShot,0,0.3779360055923462,0.3448425829410553
JOB,3a,Pretrained ZeroShot,0,0.0921350046992302,0.5165918469429016
JOB,25b,Pretrained ZeroShot,0,0.0951630026102066,0.2535916566848755
JOB,15b,Pretrained ZeroShot,0,0.006111000198870897,0.8154547810554504
JOB,32b,Pretrained ZeroShot,0,0.0996749997138977,1.2912662029266357
JOB,10c,Pretrained ZeroShot,0,0.8682219982147217,1.6327217817306519
JOB,22b,Pretrained ZeroShot,0,19.589107513427734,0.9496459364891052
JOB,17a,Pretrained ZeroShot,0,0.24229401350021362,0.7814815640449524
JOB,7b,Pretrained ZeroShot,0,1.7812879085540771,0.11131216585636139
JOB,25a,Pretrained ZeroShot,0,1.0852988958358765,0.662050187587738
JOB,13d,Pretrained ZeroShot,0,2.4749300479888916,1.2461907863616943
JOB,28b,Pretrained ZeroShot,0,0.3905639946460724,0.8357626795768738
JOB,14a,Pretrained ZeroShot,0,0.33141401410102844,0.585742712020874
JOB,12a,Pretrained ZeroShot,0,0.4315820038318634,0.4736366868019104
JOB,27b,Pretrained ZeroShot,0,0.015279999934136868,0.3891485929489136
JOB,17f,Pretrained ZeroShot,0,0.6107050180435181,3.082829713821411
JOB,6d,Pretrained ZeroShot,0,0.501334011554718,0.5260580778121948
JOB,23c,Pretrained ZeroShot,0,1.1303950548171997,0.5793481469154358
JOB,28c,Pretrained ZeroShot,0,7.118259906768799,0.9406196475028992
JOB,10a,Pretrained ZeroShot,0,0.7195479869842529,1.840409755706787
JOB,29c,Pretrained ZeroShot,0,0.23963698744773865,0.5259778499603271
JOB,30a,Pretrained ZeroShot,0,0.23746100068092346,0.47025904059410095
JOB,17c,Pretrained ZeroShot,0,0.09215600043535233,0.2940690815448761
JOB,30c,Pretrained ZeroShot,0,0.2488110065460205,0.43035832047462463
JOB,5a,Pretrained ZeroShot,0,1.3998730182647705,0.3760286569595337
JOB,11c,Pretrained ZeroShot,0,0.06532299518585205,0.7655025124549866
JOB,19b,Pretrained ZeroShot,0,0.18845799565315247,0.4887181520462036
JOB,31c,Pretrained ZeroShot,0,0.1289830058813095,0.4459207057952881
JOB,3b,Pretrained ZeroShot,0,0.08580200374126434,0.5182080864906311
JOB,21c,Pretrained ZeroShot,0,0.9809449911117554,0.5165945887565613
JOB,6e,Pretrained ZeroShot,0,0.30035102367401123,0.45469969511032104
JOB,2c,Pretrained ZeroShot,0,0.07058499753475189,0.5986570119857788
JOB,19d,Pretrained ZeroShot,0,1.9265109300613403,1.8935739994049072
JOB,12b,Pretrained ZeroShot,0,0.045722998678684235,0.10991481691598892
JOB,12c,Pretrained ZeroShot,0,4.074024677276611,0.5747135281562805
JOB,6c,Pretrained ZeroShot,0,0.45694500207901,0.6938949227333069
JOB,10b,Pretrained ZeroShot,0,0.7079879641532898,1.0399737358093262
JOB,6d,Pretrained ZeroShot,0,0.48544901609420776,0.5260582566261292
JOB,1b,Pretrained ZeroShot,0,0.13641999661922455,0.6326795220375061
JOB,23b,Pretrained ZeroShot,0,5.870809078216553,0.4952787160873413
JOB,16b,Pretrained ZeroShot,0,0.5174630284309387,1.1471385955810547
JOB,22c,Pretrained ZeroShot,0,20.982084274291992,0.9472833871841431
JOB,11d,Pretrained ZeroShot,0,0.11534799635410309,0.9078680872917175
JOB,26b,Pretrained ZeroShot,0,0.6050499677658081,1.6271021366119385
JOB-Complex,27,Pretrained ZeroShot,0,0.7854680418968201,0.33951765298843384
JOB-Complex,11,Pretrained ZeroShot,0,0.36899998784065247,0.7638652920722961
JOB-Complex,18,Pretrained ZeroShot,0,0.134210005402565,0.6070345640182495
JOB-Complex,19,Pretrained ZeroShot,0,0.35227301716804504,2.3947598934173584
JOB-Complex,20,Pretrained ZeroShot,0,0.17239300906658173,0.10774653404951096
JOB-Complex,02,Pretrained ZeroShot,0,0.009894000366330147,0.4790034592151642
JOB-Complex,13,Pretrained ZeroShot,0,0.3262929916381836,1.1670811176300049
JOB-Complex,07,Pretrained ZeroShot,0,0.009994999505579472,0.5680922269821167
JOB-Complex,26,Pretrained ZeroShot,0,0.14339199662208557,0.38368311524391174
JOB-Complex,10,Pretrained ZeroShot,0,0.11841100454330444,0.1089649349451065
JOB-Complex,14,Pretrained ZeroShot,0,0.9452440142631531,0.4622780680656433
JOB-Complex,17,Pretrained ZeroShot,0,1.4121479988098145,3.2239913940429688
JOB-Complex,09,Pretrained ZeroShot,0,0.6202360391616821,0.7983763217926025
JOB-Complex,25,Pretrained ZeroShot,0,0.5135659575462341,1.5155203342437744
JOB-Complex,21,Pretrained ZeroShot,0,0.395440012216568,0.8520393967628479
JOB-Complex,28,Pretrained ZeroShot,0,0.0863960012793541,0.4867672026157379
JOB-Complex,03,Pretrained ZeroShot,0,0.011163999326527119,0.5637373924255371
JOB-Complex,29,Pretrained ZeroShot,0,0.27975499629974365,0.7283238768577576
JOB-Complex,05,Pretrained ZeroShot,0,0.36439600586891174,0.7351937890052795
JOB-Complex,16,Pretrained ZeroShot,0,0.2592170238494873,0.39763128757476807
JOB-Complex,01,Pretrained ZeroShot,0,0.012134999968111515,0.5667778849601746
JOB-Complex,08,Pretrained ZeroShot,0,0.3405020236968994,0.40959906578063965
JOB-Complex,22,Pretrained ZeroShot,0,0.7326899766921997,0.8740251064300537
JOB-Complex,30,Pretrained ZeroShot,0,0.6680009961128235,0.33951762318611145
JOB-Complex,15,Pretrained ZeroShot,0,3.7603600025177,1.4093053340911865
JOB-Complex,23,Pretrained ZeroShot,0,4.158241271972656,1.7994229793548584
JOB-Complex,06,Pretrained ZeroShot,0,0.009569000452756882,0.5680922865867615
JOB-Complex,12,Pretrained ZeroShot,0,0.5979200005531311,1.2490029335021973
JOB-Complex,24,Pretrained ZeroShot,0,0.34609201550483704,0.6321820020675659
JOB-Complex,04,Pretrained ZeroShot,0,0.011568999849259853,0.5637373328208923
JOB-Light,20,Pretrained ZeroShot,1,0.24016399681568146,0.3351800739765167
JOB-Light,59,Pretrained ZeroShot,1,0.37588000297546387,0.4498443603515625
JOB-Light,19,Pretrained ZeroShot,1,6.107196807861328,7.205465316772461
JOB-Light,47,Pretrained ZeroShot,1,2.7006030082702637,4.409808158874512
JOB-Light,43,Pretrained ZeroShot,1,5.0976948738098145,10.815485000610352
JOB-Light,11,Pretrained ZeroShot,1,1.1107380390167236,3.0794336795806885
JOB-Light,55,Pretrained ZeroShot,1,0.26486802101135254,0.49323391914367676
JOB-Light,02,Pretrained ZeroShot,1,0.052893999963998795,0.21376276016235352
JOB-Light,58,Pretrained ZeroShot,1,12.39894962310791,13.91385269165039
JOB-Light,08,Pretrained ZeroShot,1,5.459938049316406,7.099154472351074
JOB-Light,69,Pretrained ZeroShot,1,0.37136200070381165,3.635775566101074
JOB-Light,22,Pretrained ZeroShot,1,0.11546099931001663,0.19274884462356567
JOB-Light,62,Pretrained ZeroShot,1,6.11889123916626,15.292530059814453
JOB-Light,38,Pretrained ZeroShot,1,1.0281469821929932,1.898397445678711
JOB-Light,28,Pretrained ZeroShot,1,1.3546180725097656,4.086464881896973
JOB-Light,09,Pretrained ZeroShot,1,1.0819709300994873,3.057461977005005
JOB-Light,55,Pretrained ZeroShot,1,0.141744002699852,0.4932337999343872
JOB-Light,64,Pretrained ZeroShot,1,6.824035167694092,4.0641021728515625
JOB-Light,49,Pretrained ZeroShot,1,3.6656389236450195,9.843731880187988
JOB-Light,69,Pretrained ZeroShot,1,0.46961498260498047,3.6357765197753906
JOB-Light,27,Pretrained ZeroShot,1,0.06144599989056587,0.2364688515663147
JOB-Light,01,Pretrained ZeroShot,1,0.060394998639822006,0.19053861498832703
JOB-Light,03,Pretrained ZeroShot,1,0.05713900178670883,0.19692125916481018
JOB-Light,23,Pretrained ZeroShot,1,1.1926789283752441,3.5472004413604736
JOB-Light,18,Pretrained ZeroShot,1,0.18583500385284424,0.3451821208000183
JOB-Light,66,Pretrained ZeroShot,1,2.298988103866577,12.854092597961426
JOB-Light,15,Pretrained ZeroShot,1,0.23974400758743286,0.34317687153816223
JOB-Light,48,Pretrained ZeroShot,1,0.3845599889755249,0.4697020649909973
JOB-Light,44,Pretrained ZeroShot,1,1.591668963432312,1.9837344884872437
JOB-Light,52,Pretrained ZeroShot,1,7.342986583709717,2.9269261360168457
JOB-Light,05,Pretrained ZeroShot,1,0.4439689815044403,0.8187798261642456
JOB-Light,29,Pretrained ZeroShot,1,1.3711930513381958,4.0794878005981445
JOB-Light,37,Pretrained ZeroShot,1,1.2157520055770874,1.9142855405807495
JOB-Light,26,Pretrained ZeroShot,1,0.3748669922351837,0.3572149872779846
JOB-Light,63,Pretrained ZeroShot,1,7.543191909790039,3.9586644172668457
JOB-Light,70,Pretrained ZeroShot,1,7.238309860229492,12.851214408874512
JOB-Light,34,Pretrained ZeroShot,1,0.2219640016555786,0.2652879059314728
JOB-Light,40,Pretrained ZeroShot,1,1.6888229846954346,5.173108100891113
JOB-Light,39,Pretrained ZeroShot,1,1.0282270908355713,2.298949956893921
JOB-Light,12,Pretrained ZeroShot,1,1.9931639432907104,2.1209912300109863
JOB-Light,32,Pretrained ZeroShot,1,0.1038300022482872,0.19417807459831238
JOB-Light,16,Pretrained ZeroShot,1,5.383028984069824,6.587883949279785
JOB-Light,06,Pretrained ZeroShot,1,5.322206974029541,6.919127464294434
JOB-Light,21,Pretrained ZeroShot,1,0.045444998890161514,0.1926809549331665
JOB-Light,14,Pretrained ZeroShot,1,2.0410330295562744,2.159951686859131
JOB-Light,13,Pretrained ZeroShot,1,2.2913601398468018,2.0870282649993896
JOB-Light,10,Pretrained ZeroShot,1,1.0677011013031006,3.0232129096984863
JOB-Light,43,Pretrained ZeroShot,1,5.098418712615967,10.815485000610352
JOB-Light,56,Pretrained ZeroShot,1,2.6994590759277344,10.980968475341797
JOB-Light,35,Pretrained ZeroShot,1,0.04695899784564972,0.2979567348957062
JOB-Light,04,Pretrained ZeroShot,1,0.053328998386859894,0.19520843029022217
JOB-Light,67,Pretrained ZeroShot,1,2.205677032470703,11.23086166381836
JOB-Light,31,Pretrained ZeroShot,1,0.14697900414466858,0.21919500827789307
JOB-Light,42,Pretrained ZeroShot,1,0.696986973285675,0.32386070489883423
JOB-Light,60,Pretrained ZeroShot,1,14.09069538116455,13.9181489944458
JOB-Light,45,Pretrained ZeroShot,1,2.083585023880005,5.482000350952148
JOB-Light,65,Pretrained ZeroShot,1,0.052403997629880905,0.29789072275161743
JOB-Light,61,Pretrained ZeroShot,1,7.447907447814941,12.951887130737305
JOB-Light,07,Pretrained ZeroShot,1,4.831231117248535,6.716480731964111
JOB-Light,30,Pretrained ZeroShot,1,2.8061089515686035,3.944742202758789
JOB-Light,33,Pretrained ZeroShot,1,1.5867509841918945,4.18059778213501
JOB-Light,25,Pretrained ZeroShot,1,0.2966339886188507,1.4103076457977295
JOB-Light,24,Pretrained ZeroShot,1,0.639735996723175,1.5349032878875732
JOB-Light,57,Pretrained ZeroShot,1,2.7274298667907715,10.905296325683594
JOB-Light,46,Pretrained ZeroShot,1,0.29720598459243774,0.5633031725883484
JOB-Light,52,Pretrained ZeroShot,1,7.527352809906006,2.926927089691162
JOB-Light,36,Pretrained ZeroShot,1,0.296222984790802,0.2656693756580353
JOB-Light,17,Pretrained ZeroShot,1,0.1665240079164505,0.3430548310279846
JOB-Light,55,Pretrained ZeroShot,1,0.13713599741458893,0.49323391914367676
JOB-Light,50,Pretrained ZeroShot,1,3.01177716255188,11.336630821228027
JOB,8c,Pretrained ZeroShot,1,1.640984058380127,2.159001588821411
JOB,30a,Pretrained ZeroShot,1,0.23746100068092346,0.8409781455993652
JOB,4a,Pretrained ZeroShot,1,0.1289750039577484,0.31541818380355835
JOB,27c,Pretrained ZeroShot,1,0.9411879777908325,0.3591562509536743
JOB,1d,Pretrained ZeroShot,1,1.2906180620193481,0.19280877709388733
JOB,20c,Pretrained ZeroShot,1,0.598908007144928,1.4297126531600952
JOB,13b,Pretrained ZeroShot,1,0.14051800966262817,0.34740185737609863
JOB,1c,Pretrained ZeroShot,1,0.5806199908256531,0.2095683515071869
JOB,3b,Pretrained ZeroShot,1,0.08580200374126434,0.7279995083808899
JOB,13d,Pretrained ZeroShot,1,2.4749300479888916,0.7259899377822876
JOB,12c,Pretrained ZeroShot,1,4.074024677276611,0.43388330936431885
JOB,23a,Pretrained ZeroShot,1,1.7058000564575195,0.8705074191093445
JOB,33a,Pretrained ZeroShot,1,3.5047528743743896,0.274529367685318
JOB,7c,Pretrained ZeroShot,1,0.1794709861278534,0.39465683698654175
JOB,8d,Pretrained ZeroShot,1,1.5802229642868042,2.159001111984253
JOB,30c,Pretrained ZeroShot,1,0.2488110065460205,1.9799516201019287
JOB,33b,Pretrained ZeroShot,1,1.261504054069519,0.11671600490808487
JOB,4c,Pretrained ZeroShot,1,0.1249530017375946,0.31412750482559204
JOB,16c,Pretrained ZeroShot,1,0.8611090183258057,1.2543268203735352
JOB,22b,Pretrained ZeroShot,1,20.080398559570312,0.5116223096847534
JOB,22c,Pretrained ZeroShot,1,20.982084274291992,0.5076099038124084
JOB,26b,Pretrained ZeroShot,1,0.6050499677658081,1.2570512294769287
JOB,17a,Pretrained ZeroShot,1,0.24229401350021362,0.7891817688941956
JOB,12a,Pretrained ZeroShot,1,0.4315820038318634,0.4542239010334015
JOB,7a,Pretrained ZeroShot,1,0.08030999451875687,0.5802959203720093
JOB,25a,Pretrained ZeroShot,1,1.0852988958358765,1.2632195949554443
JOB,24a,Pretrained ZeroShot,1,0.475504994392395,5.131187438964844
JOB,27b,Pretrained ZeroShot,1,0.015279999934136868,0.36774128675460815
JOB,2b,Pretrained ZeroShot,1,0.13366200029850006,2.1958677768707275
JOB,19d,Pretrained ZeroShot,1,1.9265109300613403,1.1073240041732788
JOB,15c,Pretrained ZeroShot,1,1.2069309949874878,1.5822322368621826
JOB,21c,Pretrained ZeroShot,1,0.9809449911117554,0.40894439816474915
JOB,14b,Pretrained ZeroShot,1,0.04923400282859802,0.34337103366851807
JOB,25b,Pretrained ZeroShot,1,0.0951630026102066,1.393643856048584
JOB,17e,Pretrained ZeroShot,1,0.4487300217151642,1.0849401950836182
JOB,32b,Pretrained ZeroShot,1,0.10393000394105911,4.4215497970581055
JOB,2d,Pretrained ZeroShot,1,0.12815600633621216,2.195866346359253
JOB,6f,Pretrained ZeroShot,1,0.7515479922294617,0.8322030305862427
JOB,29b,Pretrained ZeroShot,1,0.1353910118341446,0.4702177941799164
JOB,19b,Pretrained ZeroShot,1,0.18845799565315247,3.6075820922851562
JOB,18b,Pretrained ZeroShot,1,0.1597139984369278,0.8255941867828369
JOB,12b,Pretrained ZeroShot,1,0.045722998678684235,0.15072709321975708
JOB,6c,Pretrained ZeroShot,1,0.45694500207901,0.6318316459655762
JOB,23b,Pretrained ZeroShot,1,5.870809078216553,0.13753312826156616
JOB,21a,Pretrained ZeroShot,1,0.04520000144839287,0.456111878156662
JOB,16a,Pretrained ZeroShot,1,0.2889920175075531,1.1431479454040527
JOB,5b,Pretrained ZeroShot,1,1.1295920610427856,0.5456040501594543
JOB,1a,Pretrained ZeroShot,1,0.6441859602928162,0.19324347376823425
JOB,16b,Pretrained ZeroShot,1,0.5174630284309387,1.6181913614273071
JOB,31a,Pretrained ZeroShot,1,0.12292299419641495,1.2245091199874878
JOB,29c,Pretrained ZeroShot,1,0.23963698744773865,0.48401209712028503
JOB,10c,Pretrained ZeroShot,1,0.8682219982147217,0.7050974369049072
JOB,3c,Pretrained ZeroShot,1,0.07046299427747726,0.7252906560897827
JOB,15d,Pretrained ZeroShot,1,2.486459970474243,0.5701350569725037
JOB,11c,Pretrained ZeroShot,1,0.06532299518585205,0.29415029287338257
JOB,6e,Pretrained ZeroShot,1,0.30035102367401123,0.6525081396102905
JOB,31b,Pretrained ZeroShot,1,0.1677580028772354,1.0126131772994995
JOB,6d,Pretrained ZeroShot,1,0.501334011554718,0.5277073383331299
JOB,9a,Pretrained ZeroShot,1,0.3779360055923462,2.656273365020752
JOB,15a,Pretrained ZeroShot,1,0.21777799725532532,0.33109378814697266
JOB,7b,Pretrained ZeroShot,1,1.7812879085540771,0.25644174218177795
JOB,19c,Pretrained ZeroShot,1,2.5096490383148193,0.6627272367477417
JOB,28c,Pretrained ZeroShot,1,7.118259906768799,0.5297590494155884
JOB,17f,Pretrained ZeroShot,1,0.6050859689712524,1.3348102569580078
JOB,27a,Pretrained ZeroShot,1,0.013911999762058258,0.3685174584388733
JOB,9c,Pretrained ZeroShot,1,0.30016598105430603,1.3704735040664673
JOB,19a,Pretrained ZeroShot,1,0.24962499737739563,0.980674147605896
JOB,18a,Pretrained ZeroShot,1,0.10176999866962433,0.504808783531189
JOB,11d,Pretrained ZeroShot,1,0.11534799635410309,1.1022090911865234
JOB,13c,Pretrained ZeroShot,1,7.754204273223877,0.1631486564874649
JOB,9d,Pretrained ZeroShot,1,1.0324790477752686,2.138303279876709
JOB,17c,Pretrained ZeroShot,1,0.09215600043535233,0.5858571529388428
JOB,8a,Pretrained ZeroShot,1,0.12782599031925201,0.406853049993515
JOB,2c,Pretrained ZeroShot,1,0.07058499753475189,2.195866823196411
JOB,17f,Pretrained ZeroShot,1,0.6107050180435181,1.3348101377487183
JOB,29a,Pretrained ZeroShot,1,0.3798200190067291,0.6336542963981628
JOB,18c,Pretrained ZeroShot,1,3.3573148250579834,0.9509643316268921
JOB,11a,Pretrained ZeroShot,1,0.07889700680971146,0.20867332816123962
JOB,17b,Pretrained ZeroShot,1,0.23390500247478485,0.8505189418792725
JOB,26c,Pretrained ZeroShot,1,949.5357666015625,0.7111472487449646
JOB,30b,Pretrained ZeroShot,1,0.14499099552631378,0.8007442951202393
JOB,4b,Pretrained ZeroShot,1,0.05998599901795387,0.3141295611858368
JOB,11b,Pretrained ZeroShot,1,0.008244000375270844,0.12380831688642502
JOB,24b,Pretrained ZeroShot,1,0.28162699937820435,1.2858226299285889
JOB,15b,Pretrained ZeroShot,1,0.006111000198870897,0.5623297691345215
JOB,22b,Pretrained ZeroShot,1,19.589107513427734,0.5116224884986877
JOB,31c,Pretrained ZeroShot,1,0.1289830058813095,3.2989323139190674
JOB,8b,Pretrained ZeroShot,1,0.0725720003247261,0.2821926176548004
JOB,5a,Pretrained ZeroShot,1,1.3998730182647705,0.4697820544242859
JOB,20a,Pretrained ZeroShot,1,0.8676069974899292,1.2908360958099365
JOB,28b,Pretrained ZeroShot,1,0.3905639946460724,0.5241773128509521
JOB,32b,Pretrained ZeroShot,1,0.0996749997138977,4.421548843383789
JOB,28a,Pretrained ZeroShot,1,0.5391160249710083,0.4687127470970154
JOB,16d,Pretrained ZeroShot,1,0.264803022146225,1.295118808746338
JOB,3a,Pretrained ZeroShot,1,0.0921350046992302,0.7265511751174927
JOB,25c,Pretrained ZeroShot,1,2.22053599357605,1.26481294631958
JOB,20b,Pretrained ZeroShot,1,0.8179019689559937,1.7957838773727417
JOB,6e,Pretrained ZeroShot,1,0.33602699637413025,0.6525083780288696
JOB,14c,Pretrained ZeroShot,1,0.47060999274253845,0.7256978750228882
JOB,2c,Pretrained ZeroShot,1,0.067221999168396,2.195866107940674
JOB,33c,Pretrained ZeroShot,1,0.10432399809360504,0.6254426836967468
JOB,9b,Pretrained ZeroShot,1,0.26326099038124084,2.464370012283325
JOB,13a,Pretrained ZeroShot,1,0.1823430061340332,0.2837430238723755
JOB,26a,Pretrained ZeroShot,1,155.2442626953125,0.6109151244163513
JOB,21b,Pretrained ZeroShot,1,0.04186699911952019,0.45920804142951965
JOB,1b,Pretrained ZeroShot,1,0.13641999661922455,0.12791825830936432
JOB,22d,Pretrained ZeroShot,1,45.01005172729492,0.5919322967529297
JOB,10a,Pretrained ZeroShot,1,0.7195479869842529,0.9392766356468201
JOB,10b,Pretrained ZeroShot,1,0.7079879641532898,1.9530278444290161
JOB,5c,Pretrained ZeroShot,1,1.1827270984649658,0.4682176113128662
JOB,6d,Pretrained ZeroShot,1,0.48544901609420776,0.5277073979377747
JOB,23c,Pretrained ZeroShot,1,1.1303950548171997,0.813201367855072
JOB,14a,Pretrained ZeroShot,1,0.33141401410102844,0.47172707319259644
JOB-Complex,17,Pretrained ZeroShot,1,1.4121479988098145,5.891327857971191
JOB-Complex,21,Pretrained ZeroShot,1,0.395440012216568,2.309948205947876
JOB-Complex,01,Pretrained ZeroShot,1,0.012134999968111515,0.4156525731086731
JOB-Complex,19,Pretrained ZeroShot,1,0.35227301716804504,6.217766284942627
JOB-Complex,30,Pretrained ZeroShot,1,0.6680009961128235,0.2884252071380615
JOB-Complex,20,Pretrained ZeroShot,1,0.17239300906658173,0.42303240299224854
JOB-Complex,28,Pretrained ZeroShot,1,0.0863960012793541,0.3828522562980652
JOB-Complex,06,Pretrained ZeroShot,1,0.009569000452756882,0.41631507873535156
JOB-Complex,12,Pretrained ZeroShot,1,0.5979200005531311,0.9607521891593933
JOB-Complex,02,Pretrained ZeroShot,1,0.009894000366330147,0.15056335926055908
JOB-Complex,22,Pretrained ZeroShot,1,0.7326899766921997,0.8521121740341187
JOB-Complex,25,Pretrained ZeroShot,1,0.5135659575462341,1.056291103363037
JOB-Complex,03,Pretrained ZeroShot,1,0.011163999326527119,0.4131326675415039
JOB-Complex,26,Pretrained ZeroShot,1,0.14339199662208557,0.345182865858078
JOB-Complex,09,Pretrained ZeroShot,1,0.6202360391616821,0.44761890172958374
JOB-Complex,29,Pretrained ZeroShot,1,0.27975499629974365,1.0745089054107666
JOB-Complex,08,Pretrained ZeroShot,1,0.3405020236968994,2.1900126934051514
JOB-Complex,23,Pretrained ZeroShot,1,4.158241271972656,4.619571685791016
JOB-Complex,07,Pretrained ZeroShot,1,0.009994999505579472,0.41631507873535156
JOB-Complex,13,Pretrained ZeroShot,1,0.3262929916381836,0.6600315570831299
JOB-Complex,11,Pretrained ZeroShot,1,0.36899998784065247,2.400880813598633
JOB-Complex,27,Pretrained ZeroShot,1,0.7854680418968201,0.2884252071380615
JOB-Complex,05,Pretrained ZeroShot,1,0.36439600586891174,0.9878077507019043
JOB-Complex,24,Pretrained ZeroShot,1,0.34609201550483704,2.704342842102051
JOB-Complex,18,Pretrained ZeroShot,1,0.134210005402565,0.19760960340499878
JOB-Complex,16,Pretrained ZeroShot,1,0.2592170238494873,0.8528162240982056
JOB-Complex,15,Pretrained ZeroShot,1,3.7603600025177,0.44348740577697754
JOB-Complex,04,Pretrained ZeroShot,1,0.011568999849259853,0.4131327271461487
JOB-Complex,14,Pretrained ZeroShot,1,0.9452440142631531,0.5048335194587708
JOB-Complex,10,Pretrained ZeroShot,1,0.11841100454330444,0.28662586212158203
JOB-Light,39,Pretrained ZeroShot,2,1.0282270908355713,6.081719398498535
JOB-Light,30,Pretrained ZeroShot,2,2.8061089515686035,2.9229400157928467
JOB-Light,64,Pretrained ZeroShot,2,6.824035167694092,6.025558948516846
JOB-Light,04,Pretrained ZeroShot,2,0.053328998386859894,0.14775404334068298
JOB-Light,56,Pretrained ZeroShot,2,2.6994590759277344,14.633424758911133
JOB-Light,32,Pretrained ZeroShot,2,0.1038300022482872,0.17242735624313354
JOB-Light,62,Pretrained ZeroShot,2,6.11889123916626,18.79469871520996
JOB-Light,01,Pretrained ZeroShot,2,0.060394998639822006,0.15892541408538818
JOB-Light,63,Pretrained ZeroShot,2,7.543191909790039,6.201728820800781
JOB-Light,57,Pretrained ZeroShot,2,2.7274298667907715,14.625231742858887
JOB-Light,05,Pretrained ZeroShot,2,0.4439689815044403,2.219970464706421
JOB-Light,08,Pretrained ZeroShot,2,5.459938049316406,7.649688720703125
JOB-Light,69,Pretrained ZeroShot,2,0.37136200070381165,0.891510009765625
JOB-Light,31,Pretrained ZeroShot,2,0.14697900414466858,0.20531585812568665
JOB-Light,61,Pretrained ZeroShot,2,7.447907447814941,6.558751106262207
JOB-Light,28,Pretrained ZeroShot,2,1.3546180725097656,2.1067752838134766
JOB-Light,25,Pretrained ZeroShot,2,0.2966339886188507,0.45651543140411377
JOB-Light,11,Pretrained ZeroShot,2,1.1107380390167236,4.442169189453125
JOB-Light,15,Pretrained ZeroShot,2,0.23974400758743286,0.3175455629825592
JOB-Light,69,Pretrained ZeroShot,2,0.46961498260498047,0.8605368137359619
JOB-Light,67,Pretrained ZeroShot,2,2.205677032470703,3.670085906982422
JOB-Light,60,Pretrained ZeroShot,2,14.09069538116455,10.277770042419434
JOB-Light,38,Pretrained ZeroShot,2,1.0281469821929932,2.398486375808716
JOB-Light,55,Pretrained ZeroShot,2,0.26486802101135254,0.3520262837409973
JOB-Light,23,Pretrained ZeroShot,2,1.1926789283752441,1.9010348320007324
JOB-Light,55,Pretrained ZeroShot,2,0.13713599741458893,0.3520262539386749
JOB-Light,06,Pretrained ZeroShot,2,5.322206974029541,7.329661846160889
JOB-Light,14,Pretrained ZeroShot,2,2.0410330295562744,3.08141827583313
JOB-Light,65,Pretrained ZeroShot,2,0.052403997629880905,0.1775745451450348
JOB-Light,45,Pretrained ZeroShot,2,2.083585023880005,4.538702964782715
JOB-Light,24,Pretrained ZeroShot,2,0.639735996723175,0.874902606010437
JOB-Light,44,Pretrained ZeroShot,2,1.591668963432312,5.468184471130371
JOB-Light,09,Pretrained ZeroShot,2,1.0819709300994873,4.393914222717285
JOB-Light,52,Pretrained ZeroShot,2,7.527352809906006,6.5459418296813965
JOB-Light,55,Pretrained ZeroShot,2,0.141744002699852,0.3520263135433197
JOB-Light,21,Pretrained ZeroShot,2,0.045444998890161514,0.11553353816270828
JOB-Light,10,Pretrained ZeroShot,2,1.0677011013031006,4.248058795928955
JOB-Light,48,Pretrained ZeroShot,2,0.3845599889755249,0.5243422389030457
JOB-Light,17,Pretrained ZeroShot,2,0.1665240079164505,0.31254202127456665
JOB-Light,49,Pretrained ZeroShot,2,3.6656389236450195,4.809309959411621
JOB-Light,33,Pretrained ZeroShot,2,1.5867509841918945,1.9067420959472656
JOB-Light,03,Pretrained ZeroShot,2,0.05713900178670883,0.174534410238266
JOB-Light,07,Pretrained ZeroShot,2,4.831231117248535,6.980140209197998
JOB-Light,58,Pretrained ZeroShot,2,12.39894962310791,9.600292205810547
JOB-Light,13,Pretrained ZeroShot,2,2.2913601398468018,3.0433921813964844
JOB-Light,36,Pretrained ZeroShot,2,0.296222984790802,0.3934399485588074
JOB-Light,27,Pretrained ZeroShot,2,0.06144599989056587,0.3414589464664459
JOB-Light,37,Pretrained ZeroShot,2,1.2157520055770874,18.476530075073242
JOB-Light,46,Pretrained ZeroShot,2,0.29720598459243774,0.4468241333961487
JOB-Light,34,Pretrained ZeroShot,2,0.2219640016555786,0.3931128680706024
JOB-Light,66,Pretrained ZeroShot,2,2.298988103866577,14.548975944519043
JOB-Light,42,Pretrained ZeroShot,2,0.696986973285675,0.23473718762397766
JOB-Light,35,Pretrained ZeroShot,2,0.04695899784564972,0.25595682859420776
JOB-Light,29,Pretrained ZeroShot,2,1.3711930513381958,2.0417606830596924
JOB-Light,59,Pretrained ZeroShot,2,0.37588000297546387,0.702478289604187
JOB-Light,19,Pretrained ZeroShot,2,6.107196807861328,8.707735061645508
JOB-Light,70,Pretrained ZeroShot,2,7.238309860229492,6.336001873016357
JOB-Light,18,Pretrained ZeroShot,2,0.18583500385284424,0.32674047350883484
JOB-Light,50,Pretrained ZeroShot,2,3.01177716255188,4.97770357131958
JOB-Light,20,Pretrained ZeroShot,2,0.24016399681568146,0.19264769554138184
JOB-Light,47,Pretrained ZeroShot,2,2.7006030082702637,6.455131530761719
JOB-Light,02,Pretrained ZeroShot,2,0.052893999963998795,0.1629759669303894
JOB-Light,22,Pretrained ZeroShot,2,0.11546099931001663,0.13019965589046478
JOB-Light,43,Pretrained ZeroShot,2,5.098418712615967,3.6908974647521973
JOB-Light,43,Pretrained ZeroShot,2,5.0976948738098145,3.9055466651916504
JOB-Light,12,Pretrained ZeroShot,2,1.9931639432907104,3.0737569332122803
JOB-Light,40,Pretrained ZeroShot,2,1.6888229846954346,4.9000725746154785
JOB-Light,26,Pretrained ZeroShot,2,0.3748669922351837,0.6504347324371338
JOB-Light,52,Pretrained ZeroShot,2,7.342986583709717,6.5459394454956055
JOB-Light,16,Pretrained ZeroShot,2,5.383028984069824,7.789318084716797
JOB,13c,Pretrained ZeroShot,2,7.754204273223877,0.1109774112701416
JOB,2c,Pretrained ZeroShot,2,0.067221999168396,0.14143887162208557
JOB,1b,Pretrained ZeroShot,2,0.13641999661922455,0.14806495606899261
JOB,14c,Pretrained ZeroShot,2,0.47060999274253845,0.5087236166000366
JOB,5b,Pretrained ZeroShot,2,1.1295920610427856,0.4074968099594116
JOB,7b,Pretrained ZeroShot,2,1.7812879085540771,0.38471126556396484
JOB,10c,Pretrained ZeroShot,2,0.8682219982147217,1.0369515419006348
JOB,7a,Pretrained ZeroShot,2,0.08030999451875687,0.24768730998039246
JOB,12a,Pretrained ZeroShot,2,0.4315820038318634,0.35284891724586487
JOB,33a,Pretrained ZeroShot,2,3.5047528743743896,0.3033013641834259
JOB,25b,Pretrained ZeroShot,2,0.0951630026102066,0.5760022401809692
JOB,6f,Pretrained ZeroShot,2,0.7515479922294617,0.46155881881713867
JOB,28a,Pretrained ZeroShot,2,0.5391160249710083,0.5205402970314026
JOB,17a,Pretrained ZeroShot,2,0.24229401350021362,0.43759649991989136
JOB,22c,Pretrained ZeroShot,2,20.982084274291992,0.3470425605773926
JOB,19d,Pretrained ZeroShot,2,1.9265109300613403,0.9500810503959656
JOB,1a,Pretrained ZeroShot,2,0.6441859602928162,0.24088579416275024
JOB,6e,Pretrained ZeroShot,2,0.33602699637413025,0.3597859740257263
JOB,2c,Pretrained ZeroShot,2,0.07058499753475189,0.14143888652324677
JOB,6c,Pretrained ZeroShot,2,0.45694500207901,0.4823874235153198
JOB,12c,Pretrained ZeroShot,2,4.074024677276611,0.3592657148838043
JOB,15d,Pretrained ZeroShot,2,2.486459970474243,0.11034616827964783
JOB,30b,Pretrained ZeroShot,2,0.14499099552631378,0.4325643479824066
JOB,8b,Pretrained ZeroShot,2,0.0725720003247261,0.17283494770526886
JOB,33b,Pretrained ZeroShot,2,1.261504054069519,0.32011666893959045
JOB,17f,Pretrained ZeroShot,2,0.6107050180435181,0.5337425470352173
JOB,8c,Pretrained ZeroShot,2,1.640984058380127,1.3154511451721191
JOB,6e,Pretrained ZeroShot,2,0.30035102367401123,0.35978609323501587
JOB,9a,Pretrained ZeroShot,2,0.3779360055923462,0.4747571051120758
JOB,10b,Pretrained ZeroShot,2,0.7079879641532898,0.5194947719573975
JOB,22b,Pretrained ZeroShot,2,19.589107513427734,0.3383539915084839
JOB,28c,Pretrained ZeroShot,2,7.118259906768799,0.3643694519996643
JOB,3b,Pretrained ZeroShot,2,0.08580200374126434,0.6868907809257507
JOB,1c,Pretrained ZeroShot,2,0.5806199908256531,0.2724859416484833
JOB,28b,Pretrained ZeroShot,2,0.3905639946460724,0.3857631981372833
JOB,26b,Pretrained ZeroShot,2,0.6050499677658081,0.3368755578994751
JOB,29b,Pretrained ZeroShot,2,0.1353910118341446,0.5156370997428894
JOB,17c,Pretrained ZeroShot,2,0.09215600043535233,0.46366041898727417
JOB,13b,Pretrained ZeroShot,2,0.14051800966262817,0.1490485966205597
JOB,25c,Pretrained ZeroShot,2,2.22053599357605,0.6527811288833618
JOB,14a,Pretrained ZeroShot,2,0.33141401410102844,0.3884776830673218
JOB,9c,Pretrained ZeroShot,2,0.30016598105430603,1.5169199705123901
JOB,26a,Pretrained ZeroShot,2,155.2442626953125,0.4052145779132843
JOB,30c,Pretrained ZeroShot,2,0.2488110065460205,0.6643421649932861
JOB,9b,Pretrained ZeroShot,2,0.26326099038124084,0.5155943036079407
JOB,16d,Pretrained ZeroShot,2,0.264803022146225,0.5197998285293579
JOB,23c,Pretrained ZeroShot,2,1.1303950548171997,0.5096124410629272
JOB,24a,Pretrained ZeroShot,2,0.475504994392395,1.1283164024353027
JOB,20c,Pretrained ZeroShot,2,0.598908007144928,0.3769534230232239
JOB,24b,Pretrained ZeroShot,2,0.28162699937820435,0.9853531122207642
JOB,26c,Pretrained ZeroShot,2,949.5357666015625,0.4051967263221741
JOB,22d,Pretrained ZeroShot,2,45.01005172729492,0.4368184804916382
JOB,16c,Pretrained ZeroShot,2,0.8611090183258057,0.5536765456199646
JOB,6d,Pretrained ZeroShot,2,0.48544901609420776,0.3639518916606903
JOB,18c,Pretrained ZeroShot,2,3.3573148250579834,0.837996780872345
JOB,20a,Pretrained ZeroShot,2,0.8676069974899292,0.3500300347805023
JOB,25a,Pretrained ZeroShot,2,1.0852988958358765,0.6481404304504395
JOB,11a,Pretrained ZeroShot,2,0.07889700680971146,0.1386200487613678
JOB,21a,Pretrained ZeroShot,2,0.04520000144839287,0.4993523359298706
JOB,5c,Pretrained ZeroShot,2,1.1827270984649658,0.47080790996551514
JOB,29a,Pretrained ZeroShot,2,0.3798200190067291,0.5212017297744751
JOB,1d,Pretrained ZeroShot,2,1.2906180620193481,0.34252452850341797
JOB,31b,Pretrained ZeroShot,2,0.1677580028772354,0.6712074279785156
JOB,19a,Pretrained ZeroShot,2,0.24962499737739563,0.8734452724456787
JOB,4c,Pretrained ZeroShot,2,0.1249530017375946,0.16500994563102722
JOB,8d,Pretrained ZeroShot,2,1.5802229642868042,1.3154516220092773
JOB,13a,Pretrained ZeroShot,2,0.1823430061340332,0.1977609246969223
JOB,22b,Pretrained ZeroShot,2,20.080398559570312,0.3383541405200958
JOB,33c,Pretrained ZeroShot,2,0.10432399809360504,0.11710578203201294
JOB,17b,Pretrained ZeroShot,2,0.23390500247478485,0.8548048138618469
JOB,2b,Pretrained ZeroShot,2,0.13366200029850006,0.14143888652324677
JOB,10a,Pretrained ZeroShot,2,0.7195479869842529,0.6325421929359436
JOB,14b,Pretrained ZeroShot,2,0.04923400282859802,0.3442065417766571
JOB,23a,Pretrained ZeroShot,2,1.7058000564575195,0.5102291703224182
JOB,3a,Pretrained ZeroShot,2,0.0921350046992302,0.6935244798660278
JOB,31a,Pretrained ZeroShot,2,0.12292299419641495,0.5529346466064453
JOB,27a,Pretrained ZeroShot,2,0.013911999762058258,0.37716948986053467
JOB,15a,Pretrained ZeroShot,2,0.21777799725532532,0.41422832012176514
JOB,9d,Pretrained ZeroShot,2,1.0324790477752686,1.0289723873138428
JOB,32b,Pretrained ZeroShot,2,0.10393000394105911,0.3350384831428528
JOB,29c,Pretrained ZeroShot,2,0.23963698744773865,1.0586624145507812
JOB,20b,Pretrained ZeroShot,2,0.8179019689559937,0.3791295886039734
JOB,19c,Pretrained ZeroShot,2,2.5096490383148193,0.8693476915359497
JOB,30a,Pretrained ZeroShot,2,0.23746100068092346,0.6532265543937683
JOB,8a,Pretrained ZeroShot,2,0.12782599031925201,0.1826018989086151
JOB,21b,Pretrained ZeroShot,2,0.04186699911952019,0.48807743191719055
JOB,13d,Pretrained ZeroShot,2,2.4749300479888916,0.15123091638088226
JOB,16b,Pretrained ZeroShot,2,0.5174630284309387,0.5302016139030457
JOB,15c,Pretrained ZeroShot,2,1.2069309949874878,0.4168986678123474
JOB,32b,Pretrained ZeroShot,2,0.0996749997138977,0.3350384831428528
JOB,18b,Pretrained ZeroShot,2,0.1597139984369278,0.5999706387519836
JOB,27b,Pretrained ZeroShot,2,0.015279999934136868,0.35960179567337036
JOB,21c,Pretrained ZeroShot,2,0.9809449911117554,0.6849279403686523
JOB,2d,Pretrained ZeroShot,2,0.12815600633621216,0.14143890142440796
JOB,11b,Pretrained ZeroShot,2,0.008244000375270844,0.11144997179508209
JOB,19b,Pretrained ZeroShot,2,0.18845799565315247,0.6827551126480103
JOB,27c,Pretrained ZeroShot,2,0.9411879777908325,0.36902737617492676
JOB,11c,Pretrained ZeroShot,2,0.06532299518585205,0.41673195362091064
JOB,23b,Pretrained ZeroShot,2,5.870809078216553,0.273459255695343
JOB,16a,Pretrained ZeroShot,2,0.2889920175075531,0.2479861080646515
JOB,5a,Pretrained ZeroShot,2,1.3998730182647705,0.46259605884552
JOB,11d,Pretrained ZeroShot,2,0.11534799635410309,0.987583339214325
JOB,7c,Pretrained ZeroShot,2,0.1794709861278534,0.28357917070388794
JOB,15b,Pretrained ZeroShot,2,0.006111000198870897,0.5096506476402283
JOB,3c,Pretrained ZeroShot,2,0.07046299427747726,0.6956576108932495
JOB,31c,Pretrained ZeroShot,2,0.1289830058813095,0.941196084022522
JOB,6d,Pretrained ZeroShot,2,0.501334011554718,0.36395180225372314
JOB,17f,Pretrained ZeroShot,2,0.6050859689712524,0.5337426066398621
JOB,4a,Pretrained ZeroShot,2,0.1289750039577484,0.16443467140197754
JOB,4b,Pretrained ZeroShot,2,0.05998599901795387,0.16500991582870483
JOB,12b,Pretrained ZeroShot,2,0.045722998678684235,0.1291363537311554
JOB,18a,Pretrained ZeroShot,2,0.10176999866962433,0.19744828343391418
JOB,17e,Pretrained ZeroShot,2,0.4487300217151642,0.38152286410331726
JOB-Complex,19,Pretrained ZeroShot,2,0.35227301716804504,0.9541029930114746
JOB-Complex,26,Pretrained ZeroShot,2,0.14339199662208557,0.1459602415561676
JOB-Complex,21,Pretrained ZeroShot,2,0.395440012216568,0.7812692523002625
JOB-Complex,06,Pretrained ZeroShot,2,0.009569000452756882,0.4643498957157135
JOB-Complex,04,Pretrained ZeroShot,2,0.011568999849259853,0.47812074422836304
JOB-Complex,11,Pretrained ZeroShot,2,0.36899998784065247,1.13260018825531
JOB-Complex,23,Pretrained ZeroShot,2,4.158241271972656,0.44898557662963867
JOB-Complex,08,Pretrained ZeroShot,2,0.3405020236968994,0.5456831455230713
JOB-Complex,18,Pretrained ZeroShot,2,0.134210005402565,0.49021586775779724
JOB-Complex,05,Pretrained ZeroShot,2,0.36439600586891174,0.6129196882247925
JOB-Complex,02,Pretrained ZeroShot,2,0.009894000366330147,0.13029231131076813
JOB-Complex,09,Pretrained ZeroShot,2,0.6202360391616821,0.39738622307777405
JOB-Complex,14,Pretrained ZeroShot,2,0.9452440142631531,0.2994893789291382
JOB-Complex,13,Pretrained ZeroShot,2,0.3262929916381836,0.37978583574295044
JOB-Complex,16,Pretrained ZeroShot,2,0.2592170238494873,0.29380497336387634
JOB-Complex,22,Pretrained ZeroShot,2,0.7326899766921997,0.47069674730300903
JOB-Complex,29,Pretrained ZeroShot,2,0.27975499629974365,0.36876583099365234
JOB-Complex,28,Pretrained ZeroShot,2,0.0863960012793541,0.33100757002830505
JOB-Complex,24,Pretrained ZeroShot,2,0.34609201550483704,0.8137037754058838
JOB-Complex,17,Pretrained ZeroShot,2,1.4121479988098145,0.9833565354347229
JOB-Complex,12,Pretrained ZeroShot,2,0.5979200005531311,0.4266241192817688
JOB-Complex,30,Pretrained ZeroShot,2,0.6680009961128235,0.2908535599708557
JOB-Complex,20,Pretrained ZeroShot,2,0.17239300906658173,0.7027668952941895
JOB-Complex,03,Pretrained ZeroShot,2,0.011163999326527119,0.4781208634376526
JOB-Complex,27,Pretrained ZeroShot,2,0.7854680418968201,0.2908535897731781
JOB-Complex,01,Pretrained ZeroShot,2,0.012134999968111515,0.46889567375183105
JOB-Complex,07,Pretrained ZeroShot,2,0.009994999505579472,0.46435004472732544
JOB-Complex,25,Pretrained ZeroShot,2,0.5135659575462341,0.5003969073295593
JOB-Complex,15,Pretrained ZeroShot,2,3.7603600025177,0.25491249561309814
JOB-Complex,10,Pretrained ZeroShot,2,0.11841100454330444,0.17008055746555328
JOB-Light,01,MSCN selected-plan runtime,1,296.668,41.57875
JOB-Light,02,MSCN selected-plan runtime,1,34.145,44.8854609375
JOB-Light,03,MSCN selected-plan runtime,1,26.356,44.15836328125
JOB-Light,04,MSCN selected-plan runtime,1,28.89,43.97043359375
JOB-Light,05,MSCN selected-plan runtime,1,475.892,73.69071875
JOB-Light,06,MSCN selected-plan runtime,1,2794.714,361.9119375
JOB-Light,07,MSCN selected-plan runtime,1,1109.922,372.06934375
JOB-Light,08,MSCN selected-plan runtime,1,1235.36,359.38878125
JOB-Light,09,MSCN selected-plan runtime,1,327.56,237.206453125
JOB-Light,10,MSCN selected-plan runtime,1,234.455,240.45203125
JOB-Light,11,MSCN selected-plan runtime,1,254.284,236.327171875
JOB-Light,12,MSCN selected-plan runtime,1,415.628,354.71534375
JOB-Light,13,MSCN selected-plan runtime,1,414.202,358.6666875
JOB-Light,14,MSCN selected-plan runtime,1,434.966,353.634125
JOB-Light,15,MSCN selected-plan runtime,1,587.086,96.0311953125
JOB-Light,16,MSCN selected-plan runtime,1,2019.642,395.4815
JOB-Light,17,MSCN selected-plan runtime,1,90.928,97.04509375
JOB-Light,18,MSCN selected-plan runtime,1,98.265,95.597796875
JOB-Light,19,MSCN selected-plan runtime,1,1393.015,376.73534375
JOB-Light,20,MSCN selected-plan runtime,1,96.438,143.02015625
JOB-Light,21,MSCN selected-plan runtime,1,47.631,107.3607578125
JOB-Light,22,MSCN selected-plan runtime,1,98.74,124.3754375
JOB-Light,23,MSCN selected-plan runtime,1,335.578,186.293796875
JOB-Light,24,MSCN selected-plan runtime,1,256.154,187.19709375
JOB-Light,25,MSCN selected-plan runtime,1,142.14,119.646859375
JOB-Light,26,MSCN selected-plan runtime,1,232.006,112.61315625
JOB-Light,27,MSCN selected-plan runtime,1,57.812,110.387640625
JOB-Light,28,MSCN selected-plan runtime,1,380.61,366.3781875
JOB-Light,29,MSCN selected-plan runtime,1,355.966,364.51084375
JOB-Light,30,MSCN selected-plan runtime,1,570.903,311.95128125
JOB-Light,31,MSCN selected-plan runtime,1,86.783,68.884421875
JOB-Light,32,MSCN selected-plan runtime,1,80.659,61.7962578125
JOB-Light,33,MSCN selected-plan runtime,1,409.149,201.53615625
JOB-Light,34,MSCN selected-plan runtime,1,161.979,60.88201953125
JOB-Light,35,MSCN selected-plan runtime,1,41.224,43.13091015625
JOB-Light,36,MSCN selected-plan runtime,1,163.434,271.39265625
JOB-Light,37,MSCN selected-plan runtime,1,284.683,311.5540625
JOB-Light,38,MSCN selected-plan runtime,1,257.014,407.6449375
JOB-Light,39,MSCN selected-plan runtime,1,319.285,456.8695
JOB-Light,40,MSCN selected-plan runtime,1,323.619,262.56659375
JOB-Light,41,MSCN selected-plan runtime,1,1189.843,344.79346875
JOB-Light,42,MSCN selected-plan runtime,1,224.322,140.8006875
JOB-Light,43,MSCN selected-plan runtime,1,1140.009,344.79346875
JOB-Light,44,MSCN selected-plan runtime,1,346.816,72.6898046875
JOB-Light,45,MSCN selected-plan runtime,1,407.414,339.83503125
JOB-Light,46,MSCN selected-plan runtime,1,133.646,135.65759375
JOB-Light,47,MSCN selected-plan runtime,1,534.969,482.74925
JOB-Light,48,MSCN selected-plan runtime,1,189.771,93.132296875
JOB-Light,49,MSCN selected-plan runtime,1,811.219,262.87303125
JOB-Light,50,MSCN selected-plan runtime,1,885.257,240.99246875
JOB-Light,51,MSCN selected-plan runtime,1,1374.992,568.660875
JOB-Light,52,MSCN selected-plan runtime,1,1391.1,568.660875
JOB-Light,53,MSCN selected-plan runtime,1,116.539,68.19190625
JOB-Light,54,MSCN selected-plan runtime,1,87.915,68.19190625
JOB-Light,55,MSCN selected-plan runtime,1,80.232,68.19190625
JOB-Light,56,MSCN selected-plan runtime,1,480.026,295.35434375
JOB-Light,57,MSCN selected-plan runtime,1,446.826,296.065
JOB-Light,58,MSCN selected-plan runtime,1,12857.255,320.13634375
JOB-Light,59,MSCN selected-plan runtime,1,126.887,50.818734375
JOB-Light,60,MSCN selected-plan runtime,1,12555.4,312.9506875
JOB-Light,61,MSCN selected-plan runtime,1,1581.013,500.16771875
JOB-Light,62,MSCN selected-plan runtime,1,1463.798,508.37625
JOB-Light,63,MSCN selected-plan runtime,1,1415.613,533.1544375
JOB-Light,64,MSCN selected-plan runtime,1,1385.56,574.3465
JOB-Light,65,MSCN selected-plan runtime,1,81.031,53.55946875
JOB-Light,66,MSCN selected-plan runtime,1,730.021,288.60296875
JOB-Light,67,MSCN selected-plan runtime,1,677.212,293.05559375
JOB-Light,68,MSCN selected-plan runtime,1,236.561,122.1534921875
JOB-Light,69,MSCN selected-plan runtime,1,170.541,122.1534921875
JOB-Light,70,MSCN selected-plan runtime,1,1749.882,497.66928125
JOB,1a,MSCN selected-plan runtime,1,353.739,230.75384375
JOB,1b,MSCN selected-plan runtime,1,51.219,133.877796875
JOB,1c,MSCN selected-plan runtime,1,323.194,220.823171875
JOB,1d,MSCN selected-plan runtime,1,565.052,253.575921875
JOB,2a,MSCN selected-plan runtime,1,54.348,68.020171875
JOB,2b,MSCN selected-plan runtime,1,99.106,60.58951171875
JOB,2c,MSCN selected-plan runtime,1,58.227,68.020171875
JOB,2d,MSCN selected-plan runtime,1,109.633,52.93376953125
JOB,3a,MSCN selected-plan runtime,1,61.614,58.0018515625
JOB,3b,MSCN selected-plan runtime,1,58.733,63.41647265625
JOB,3c,MSCN selected-plan runtime,1,50.003,60.1175390625
JOB,4a,MSCN selected-plan runtime,1,84.48,97.0693515625
JOB,4b,MSCN selected-plan runtime,1,60.334,74.8660234375
JOB,4c,MSCN selected-plan runtime,1,66.569,88.810015625
JOB,5a,MSCN selected-plan runtime,1,684.626,181.080859375
JOB,5b,MSCN selected-plan runtime,1,532.751,153.77090625
JOB,5c,MSCN selected-plan runtime,1,537.225,249.0793125
JOB,6a,MSCN selected-plan runtime,1,228.394,50.89133984375
JOB,6b,MSCN selected-plan runtime,1,241.541,54.07831640625
JOB,6c,MSCN selected-plan runtime,1,228.471,43.59984765625
JOB,6d,MSCN selected-plan runtime,1,305.905,54.07831640625
JOB,6e,MSCN selected-plan runtime,1,137.837,50.89133984375
JOB,6f,MSCN selected-plan runtime,1,304.216,85.46528125
JOB,7a,MSCN selected-plan runtime,1,89.378,60.18884765625
JOB,7b,MSCN selected-plan runtime,1,180.445,70.44625
JOB,7c,MSCN selected-plan runtime,1,460.782,151.090953125
JOB,8a,MSCN selected-plan runtime,1,91.877,119.7402265625
JOB,8b,MSCN selected-plan runtime,1,53.626,80.7326796875
JOB,8c,MSCN selected-plan runtime,1,1043.198,1478.201875
JOB,8d,MSCN selected-plan runtime,1,922.805,1478.201875
JOB,9a,MSCN selected-plan runtime,1,292.952,107.007296875
JOB,9b,MSCN selected-plan runtime,1,108.264,110.02146875
JOB,9c,MSCN selected-plan runtime,1,274.618,285.958625
JOB,9d,MSCN selected-plan runtime,1,534.158,989.8335625
JOB,10a,MSCN selected-plan runtime,1,376.511,246.524453125
JOB,10b,MSCN selected-plan runtime,1,416.215,302.47815625
JOB,10c,MSCN selected-plan runtime,1,422.068,182.828078125
JOB,11a,MSCN selected-plan runtime,1,64.751,47.11763671875
JOB,11b,MSCN selected-plan runtime,1,11.04,34.3922734375
JOB,11c,MSCN selected-plan runtime,1,61.014,46.3228671875
JOB,11d,MSCN selected-plan runtime,1,97.669,61.01640234375
JOB,12a,MSCN selected-plan runtime,1,102.503,221.245203125
JOB,12b,MSCN selected-plan runtime,1,52.759,41.844875
JOB,12c,MSCN selected-plan runtime,1,171.07,248.368421875
JOB,13a,MSCN selected-plan runtime,1,109.99,260.358875
JOB,13b,MSCN selected-plan runtime,1,96.482,127.46925
JOB,13c,MSCN selected-plan runtime,1,5419.358,110.574875
JOB,13d,MSCN selected-plan runtime,1,926.137,518.497
JOB,14a,MSCN selected-plan runtime,1,241.662,64.50347265625
JOB,14b,MSCN selected-plan runtime,1,46.441,47.46562890625
JOB,14c,MSCN selected-plan runtime,1,247.314,64.5043359375
JOB,15a,MSCN selected-plan runtime,1,171.093,117.575859375
JOB,15b,MSCN selected-plan runtime,1,4.73,67.856640625
JOB,15c,MSCN selected-plan runtime,1,552.638,878.974375
JOB,15d,MSCN selected-plan runtime,1,1080.951,492.5594375
JOB,16a,MSCN selected-plan runtime,1,183.048,75.453640625
JOB,16b,MSCN selected-plan runtime,1,265.692,65.9433203125
JOB,16c,MSCN selected-plan runtime,1,390.221,79.2745234375
JOB,16d,MSCN selected-plan runtime,1,149.407,80.653875
JOB,17a,MSCN selected-plan runtime,1,127.353,66.2896796875
JOB,17b,MSCN selected-plan runtime,1,142.288,59.28605859375
JOB,17c,MSCN selected-plan runtime,1,55.833,50.32262109375
JOB,17d,MSCN selected-plan runtime,1,286.321,54.4901953125
JOB,17e,MSCN selected-plan runtime,1,207.845,101.1860703125
JOB,17f,MSCN selected-plan runtime,1,298.232,54.4901953125
JOB,18a,MSCN selected-plan runtime,1,66.497,88.17075
JOB,18b,MSCN selected-plan runtime,1,81.071,448.6250625
JOB,18c,MSCN selected-plan runtime,1,1644.448,1550.491625
JOB,19a,MSCN selected-plan runtime,1,108.726,113.4348203125
JOB,19b,MSCN selected-plan runtime,1,105.821,87.7992890625
JOB,19c,MSCN selected-plan runtime,1,1455.624,566.695625
JOB,19d,MSCN selected-plan runtime,1,749.225,588.1630625
JOB,20a,MSCN selected-plan runtime,1,423.821,116.2129375
JOB,20b,MSCN selected-plan runtime,1,408.783,91.928484375
JOB,20c,MSCN selected-plan runtime,1,321.327,140.4715625
JOB,21a,MSCN selected-plan runtime,1,44.521,26.577984375
JOB,21b,MSCN selected-plan runtime,1,46.012,31.00269140625
JOB,21c,MSCN selected-plan runtime,1,49.769,63.85798046875
JOB,22a,MSCN selected-plan runtime,1,6312.983,95.7408515625
JOB,22b,MSCN selected-plan runtime,1,6328.451,95.7408515625
JOB,22c,MSCN selected-plan runtime,1,6351.209,98.677453125
JOB,22d,MSCN selected-plan runtime,1,31208.087,106.8989609375
JOB,23a,MSCN selected-plan runtime,1,744.783,553.4530625
JOB,23b,MSCN selected-plan runtime,1,4000.927,98.612265625
JOB,23c,MSCN selected-plan runtime,1,520.504,646.8695625
JOB,24a,MSCN selected-plan runtime,1,133.8,116.5802421875
JOB,24b,MSCN selected-plan runtime,1,125.615,83.21934375
JOB,25a,MSCN selected-plan runtime,1,389.087,200.730734375
JOB,25b,MSCN selected-plan runtime,1,70.364,50.77097265625
JOB,25c,MSCN selected-plan runtime,1,714.984,407.35346875
JOB,26a,MSCN selected-plan runtime,1,293.911,166.823015625
JOB,26b,MSCN selected-plan runtime,1,422.892,173.722453125
JOB,26c,MSCN selected-plan runtime,1,578.05,216.325234375
JOB,27a,MSCN selected-plan runtime,1,8.98,37.54092578125
JOB,27b,MSCN selected-plan runtime,1,7.242,38.6505
JOB,27c,MSCN selected-plan runtime,1,53.129,75.8908203125
JOB,28a,MSCN selected-plan runtime,1,4359.126,126.362515625
JOB,28b,MSCN selected-plan runtime,1,148.26,135.545203125
JOB,28c,MSCN selected-plan runtime,1,176.309,119.329953125
JOB,29a,MSCN selected-plan runtime,1,159.861,84.957390625
JOB,29b,MSCN selected-plan runtime,1,103.852,83.4544296875
JOB,29c,MSCN selected-plan runtime,1,117.505,110.0771015625
JOB,30a,MSCN selected-plan runtime,1,115.473,252.408625
JOB,30b,MSCN selected-plan runtime,1,95.276,119.642859375
JOB,30c,MSCN selected-plan runtime,1,109.908,301.1943125
JOB,31a,MSCN selected-plan runtime,1,98.33,68.934296875
JOB,31b,MSCN selected-plan runtime,1,106.943,49.290265625
JOB,31c,MSCN selected-plan runtime,1,63.749,72.794765625
JOB,32a,MSCN selected-plan runtime,1,74.737,64.533625
JOB,32b,MSCN selected-plan runtime,1,52.049,64.533625
JOB,33a,MSCN selected-plan runtime,1,1806.622,174.832015625
JOB,33b,MSCN selected-plan runtime,1,643.55,124.7729609375
JOB,33c,MSCN selected-plan runtime,1,1072.959,213.04171875
JOB-Complex,01,MSCN selected-plan runtime,1,42.647,32.95287890625
JOB-Complex,02,MSCN selected-plan runtime,1,47.86,27.1536484375
JOB-Complex,03,MSCN selected-plan runtime,1,41.578,31.7837578125
JOB-Complex,04,MSCN selected-plan runtime,1,41.613,31.7837578125
JOB-Complex,05,MSCN selected-plan runtime,1,214.492,161.930828125
JOB-Complex,06,MSCN selected-plan runtime,1,39.348,37.7281328125
JOB-Complex,07,MSCN selected-plan runtime,1,47.798,37.7281328125
JOB-Complex,08,MSCN selected-plan runtime,1,159.546,51.45726171875
JOB-Complex,09,MSCN selected-plan runtime,1,156.584,129.1351484375
JOB-Complex,10,MSCN selected-plan runtime,1,75.899,141.67121875
JOB-Complex,11,MSCN selected-plan runtime,1,235.069,148.190765625
JOB-Complex,12,MSCN selected-plan runtime,1,214.015,383.05109375
JOB-Complex,13,MSCN selected-plan runtime,1,175.675,155.66678125
JOB-Complex,14,MSCN selected-plan runtime,1,524.852,64.1984609375
JOB-Complex,15,MSCN selected-plan runtime,1,2017.972,753.2943125
JOB-Complex,16,MSCN selected-plan runtime,1,195.804,138.1925
JOB-Complex,17,MSCN selected-plan runtime,1,311.191,155.31059375
JOB-Complex,18,MSCN selected-plan runtime,1,107.867,393.62946875
JOB-Complex,19,MSCN selected-plan runtime,1,109.11,168.043578125
JOB-Complex,20,MSCN selected-plan runtime,1,77.722,87.69778125
JOB-Complex,21,MSCN selected-plan runtime,1,141.041,137.340078125
JOB-Complex,22,MSCN selected-plan runtime,1,261.533,66.1937734375
JOB-Complex,23,MSCN selected-plan runtime,1,342.435,375.827125
JOB-Complex,24,MSCN selected-plan runtime,1,117.473,66.4255546875
JOB-Complex,25,MSCN selected-plan runtime,1,275.839,264.16503125
JOB-Complex,26,MSCN selected-plan runtime,1,67.407,295.49128125
JOB-Complex,27,MSCN selected-plan runtime,1,62.014,64.75803515625
JOB-Complex,28,MSCN selected-plan runtime,1,59.63,321.52328125
JOB-Complex,29,MSCN selected-plan runtime,1,301.167,178.142625
JOB-Complex,30,MSCN selected-plan runtime,1,60.952,64.75803515625
JOB-Light,01,MSCN selected-plan runtime,2,296.668,41.78780859375
JOB-Light,02,MSCN selected-plan runtime,2,34.145,45.7269453125
JOB-Light,03,MSCN selected-plan runtime,2,26.356,46.76465625
JOB-Light,04,MSCN selected-plan runtime,2,28.89,47.00319140625
JOB-Light,05,MSCN selected-plan runtime,2,475.892,72.8819375
JOB-Light,06,MSCN selected-plan runtime,2,2794.714,298.07053125
JOB-Light,07,MSCN selected-plan runtime,2,1109.922,284.20478125
JOB-Light,08,MSCN selected-plan runtime,2,1235.36,300.4091875
JOB-Light,09,MSCN selected-plan runtime,2,327.56,249.76125
JOB-Light,10,MSCN selected-plan runtime,2,234.455,239.11884375
JOB-Light,11,MSCN selected-plan runtime,2,254.284,250.125734375
JOB-Light,12,MSCN selected-plan runtime,2,415.628,368.5540625
JOB-Light,13,MSCN selected-plan runtime,2,414.202,351.59428125
JOB-Light,14,MSCN selected-plan runtime,2,434.966,371.69521875
JOB-Light,15,MSCN selected-plan runtime,2,587.086,94.2939296875
JOB-Light,16,MSCN selected-plan runtime,2,2019.642,296.753625
JOB-Light,17,MSCN selected-plan runtime,2,90.928,94.48421875
JOB-Light,18,MSCN selected-plan runtime,2,98.265,97.1403828125
JOB-Light,19,MSCN selected-plan runtime,2,1393.015,313.38915625
JOB-Light,20,MSCN selected-plan runtime,2,96.438,108.3634921875
JOB-Light,21,MSCN selected-plan runtime,2,47.631,124.664
JOB-Light,22,MSCN selected-plan runtime,2,98.74,106.970859375
JOB-Light,23,MSCN selected-plan runtime,2,335.578,261.2074375
JOB-Light,24,MSCN selected-plan runtime,2,256.154,172.730421875
JOB-Light,25,MSCN selected-plan runtime,2,142.14,137.419859375
JOB-Light,26,MSCN selected-plan runtime,2,232.006,95.635546875
JOB-Light,27,MSCN selected-plan runtime,2,57.812,95.918515625
JOB-Light,28,MSCN selected-plan runtime,2,380.61,312.139375
JOB-Light,29,MSCN selected-plan runtime,2,355.966,295.46309375
JOB-Light,30,MSCN selected-plan runtime,2,570.903,255.753453125
JOB-Light,31,MSCN selected-plan runtime,2,86.783,84.4584609375
JOB-Light,32,MSCN selected-plan runtime,2,80.659,77.873296875
JOB-Light,33,MSCN selected-plan runtime,2,409.149,181.881328125
JOB-Light,34,MSCN selected-plan runtime,2,161.979,59.7535546875
JOB-Light,35,MSCN selected-plan runtime,2,41.224,45.36776171875
JOB-Light,36,MSCN selected-plan runtime,2,163.434,233.134359375
JOB-Light,37,MSCN selected-plan runtime,2,284.683,265.83396875
JOB-Light,38,MSCN selected-plan runtime,2,257.014,247.12940625
JOB-Light,39,MSCN selected-plan runtime,2,319.285,279.1596875
JOB-Light,40,MSCN selected-plan runtime,2,323.619,252.571640625
JOB-Light,41,MSCN selected-plan runtime,2,1189.843,329.2023125
JOB-Light,42,MSCN selected-plan runtime,2,224.322,96.66196875
JOB-Light,43,MSCN selected-plan runtime,2,1140.009,329.2023125
JOB-Light,44,MSCN selected-plan runtime,2,346.816,77.8061875
JOB-Light,45,MSCN selected-plan runtime,2,407.414,285.61959375
JOB-Light,46,MSCN selected-plan runtime,2,133.646,124.3252734375
JOB-Light,47,MSCN selected-plan runtime,2,534.969,388.69125
JOB-Light,48,MSCN selected-plan runtime,2,189.771,117.9645703125
JOB-Light,49,MSCN selected-plan runtime,2,811.219,234.442
JOB-Light,50,MSCN selected-plan runtime,2,885.257,249.01778125
JOB-Light,51,MSCN selected-plan runtime,2,1374.992,383.1055
JOB-Light,52,MSCN selected-plan runtime,2,1391.1,383.1055
JOB-Light,53,MSCN selected-plan runtime,2,116.539,100.7565078125
JOB-Light,54,MSCN selected-plan runtime,2,87.915,100.7565078125
JOB-Light,55,MSCN selected-plan runtime,2,80.232,100.7565078125
JOB-Light,56,MSCN selected-plan runtime,2,480.026,275.536625
JOB-Light,57,MSCN selected-plan runtime,2,446.826,274.663
JOB-Light,58,MSCN selected-plan runtime,2,12857.255,302.03940625
JOB-Light,59,MSCN selected-plan runtime,2,126.887,65.4808984375
JOB-Light,60,MSCN selected-plan runtime,2,12555.4,313.1456875
JOB-Light,61,MSCN selected-plan runtime,2,1581.013,415.86503125
JOB-Light,62,MSCN selected-plan runtime,2,1463.798,391.785375
JOB-Light,63,MSCN selected-plan runtime,2,1415.613,396.2475
JOB-Light,64,MSCN selected-plan runtime,2,1385.56,374.9689375
JOB-Light,65,MSCN selected-plan runtime,2,81.031,63.9862421875
JOB-Light,66,MSCN selected-plan runtime,2,730.021,280.16090625
JOB-Light,67,MSCN selected-plan runtime,2,677.212,280.07221875
JOB-Light,68,MSCN selected-plan runtime,2,236.561,117.9041875
JOB-Light,69,MSCN selected-plan runtime,2,170.541,117.9041875
JOB-Light,70,MSCN selected-plan runtime,2,1749.882,404.1051875
JOB,1a,MSCN selected-plan runtime,2,353.739,215.558734375
JOB,1b,MSCN selected-plan runtime,2,51.219,107.7363671875
JOB,1c,MSCN selected-plan runtime,2,323.194,188.35446875
JOB,1d,MSCN selected-plan runtime,2,565.052,275.047
JOB,2a,MSCN selected-plan runtime,2,54.348,90.847
JOB,2b,MSCN selected-plan runtime,2,99.106,71.8308125
JOB,2c,MSCN selected-plan runtime,2,58.227,90.847
JOB,2d,MSCN selected-plan runtime,2,109.633,56.4096953125
JOB,3a,MSCN selected-plan runtime,2,61.614,65.9930859375
JOB,3b,MSCN selected-plan runtime,2,58.733,60.5476875
JOB,3c,MSCN selected-plan runtime,2,50.003,62.45192578125
JOB,4a,MSCN selected-plan runtime,2,84.48,56.9808203125
JOB,4b,MSCN selected-plan runtime,2,60.334,74.51371875
JOB,4c,MSCN selected-plan runtime,2,66.569,62.78526953125
JOB,5a,MSCN selected-plan runtime,2,684.626,176.154515625
JOB,5b,MSCN selected-plan runtime,2,532.751,170.63178125
JOB,5c,MSCN selected-plan runtime,2,537.225,285.970375
JOB,6a,MSCN selected-plan runtime,2,228.394,56.1156015625
JOB,6b,MSCN selected-plan runtime,2,241.541,63.4236640625
JOB,6c,MSCN selected-plan runtime,2,228.471,59.04360546875
JOB,6d,MSCN selected-plan runtime,2,305.905,63.4236640625
JOB,6e,MSCN selected-plan runtime,2,137.837,56.1156015625
JOB,6f,MSCN selected-plan runtime,2,304.216,90.931171875
JOB,7a,MSCN selected-plan runtime,2,89.378,65.24390234375
JOB,7b,MSCN selected-plan runtime,2,180.445,65.7508515625
JOB,7c,MSCN selected-plan runtime,2,460.782,112.5801953125
JOB,8a,MSCN selected-plan runtime,2,91.877,102.9077109375
JOB,8b,MSCN selected-plan runtime,2,53.626,100.02371875
JOB,8c,MSCN selected-plan runtime,2,1043.198,1271.719625
JOB,8d,MSCN selected-plan runtime,2,922.805,1271.719625
JOB,9a,MSCN selected-plan runtime,2,292.952,112.700609375
JOB,9b,MSCN selected-plan runtime,2,108.264,108.3377578125
JOB,9c,MSCN selected-plan runtime,2,274.618,230.765078125
JOB,9d,MSCN selected-plan runtime,2,534.158,736.251375
JOB,10a,MSCN selected-plan runtime,2,376.511,310.89190625
JOB,10b,MSCN selected-plan runtime,2,416.215,354.21875
JOB,10c,MSCN selected-plan runtime,2,422.068,207.819421875
JOB,11a,MSCN selected-plan runtime,2,64.751,50.30395703125
JOB,11b,MSCN selected-plan runtime,2,11.04,34.2637109375
JOB,11c,MSCN selected-plan runtime,2,61.014,55.777015625
JOB,11d,MSCN selected-plan runtime,2,97.669,58.0518203125
JOB,12a,MSCN selected-plan runtime,2,102.503,168.3674375
JOB,12b,MSCN selected-plan runtime,2,52.759,50.8633515625
JOB,12c,MSCN selected-plan runtime,2,171.07,196.59140625
JOB,13a,MSCN selected-plan runtime,2,109.99,298.234875
JOB,13b,MSCN selected-plan runtime,2,96.482,148.42271875
JOB,13c,MSCN selected-plan runtime,2,5419.358,170.870984375
JOB,13d,MSCN selected-plan runtime,2,926.137,581.5491875
JOB,14a,MSCN selected-plan runtime,2,241.662,62.600046875
JOB,14b,MSCN selected-plan runtime,2,46.441,49.36256640625
JOB,14c,MSCN selected-plan runtime,2,247.314,55.78116796875
JOB,15a,MSCN selected-plan runtime,2,171.093,126.16309375
JOB,15b,MSCN selected-plan runtime,2,4.73,71.6646171875
JOB,15c,MSCN selected-plan runtime,2,552.638,431.92840625
JOB,15d,MSCN selected-plan runtime,2,1080.951,282.19590625
JOB,16a,MSCN selected-plan runtime,2,183.048,67.2354140625
JOB,16b,MSCN selected-plan runtime,2,265.692,92.5327578125
JOB,16c,MSCN selected-plan runtime,2,390.221,72.60790625
JOB,16d,MSCN selected-plan runtime,2,149.407,76.355875
JOB,17a,MSCN selected-plan runtime,2,127.353,71.608109375
JOB,17b,MSCN selected-plan runtime,2,142.288,68.6328203125
JOB,17c,MSCN selected-plan runtime,2,55.833,75.96090625
JOB,17d,MSCN selected-plan runtime,2,286.321,71.022265625
JOB,17e,MSCN selected-plan runtime,2,207.845,105.5633125
JOB,17f,MSCN selected-plan runtime,2,298.232,71.022265625
JOB,18a,MSCN selected-plan runtime,2,66.497,85.79275
JOB,18b,MSCN selected-plan runtime,2,81.071,503.6710625
JOB,18c,MSCN selected-plan runtime,2,1644.448,1602.830875
JOB,19a,MSCN selected-plan runtime,2,108.726,99.3801953125
JOB,19b,MSCN selected-plan runtime,2,105.821,88.8783984375
JOB,19c,MSCN selected-plan runtime,2,1455.624,435.543625
JOB,19d,MSCN selected-plan runtime,2,749.225,505.13340625
JOB,20a,MSCN selected-plan runtime,2,423.821,153.1931875
JOB,20b,MSCN selected-plan runtime,2,408.783,120.0431171875
JOB,20c,MSCN selected-plan runtime,2,321.327,124.0450703125
JOB,21a,MSCN selected-plan runtime,2,44.521,37.37203515625
JOB,21b,MSCN selected-plan runtime,2,46.012,38.05969921875
JOB,21c,MSCN selected-plan runtime,2,49.769,63.93025390625
JOB,22a,MSCN selected-plan runtime,2,6312.983,84.5663828125
JOB,22b,MSCN selected-plan runtime,2,6328.451,84.5663828125
JOB,22c,MSCN selected-plan runtime,2,6351.209,85.1613984375
JOB,22d,MSCN selected-plan runtime,2,31208.087,86.961140625
JOB,23a,MSCN selected-plan runtime,2,744.783,378.45084375
JOB,23b,MSCN selected-plan runtime,2,4000.927,83.7507890625
JOB,23c,MSCN selected-plan runtime,2,520.504,392.509
JOB,24a,MSCN selected-plan runtime,2,133.8,96.7826171875
JOB,24b,MSCN selected-plan runtime,2,125.615,96.339953125
JOB,25a,MSCN selected-plan runtime,2,389.087,237.89740625
JOB,25b,MSCN selected-plan runtime,2,70.364,67.4623984375
JOB,25c,MSCN selected-plan runtime,2,714.984,463.20328125
JOB,26a,MSCN selected-plan runtime,2,293.911,129.6309296875
JOB,26b,MSCN selected-plan runtime,2,422.892,130.3132734375
JOB,26c,MSCN selected-plan runtime,2,578.05,167.68434375
JOB,27a,MSCN selected-plan runtime,2,8.98,43.8707421875
JOB,27b,MSCN selected-plan runtime,2,7.242,43.8662734375
JOB,27c,MSCN selected-plan runtime,2,53.129,61.80898828125
JOB,28a,MSCN selected-plan runtime,2,4359.126,99.845296875
JOB,28b,MSCN selected-plan runtime,2,148.26,100.443546875
JOB,28c,MSCN selected-plan runtime,2,176.309,98.9238515625
JOB,29a,MSCN selected-plan runtime,2,159.861,87.06453125
JOB,29b,MSCN selected-plan runtime,2,103.852,86.759515625
JOB,29c,MSCN selected-plan runtime,2,117.505,92.662296875
JOB,30a,MSCN selected-plan runtime,2,115.473,230.16590625
JOB,30b,MSCN selected-plan runtime,2,95.276,109.0631015625
JOB,30c,MSCN selected-plan runtime,2,109.908,296.25
JOB,31a,MSCN selected-plan runtime,2,98.33,70.9597734375
JOB,31b,MSCN selected-plan runtime,2,106.943,59.60153515625
JOB,31c,MSCN selected-plan runtime,2,63.749,58.9344140625
JOB,32a,MSCN selected-plan runtime,2,74.737,46.15451171875
JOB,32b,MSCN selected-plan runtime,2,52.049,46.15451171875
JOB,33a,MSCN selected-plan runtime,2,1806.622,161.181734375
JOB,33b,MSCN selected-plan runtime,2,643.55,126.9708515625
JOB,33c,MSCN selected-plan runtime,2,1072.959,181.268171875
JOB-Complex,01,MSCN selected-plan runtime,2,42.647,18.9306484375
JOB-Complex,02,MSCN selected-plan runtime,2,47.86,18.44734375
JOB-Complex,03,MSCN selected-plan runtime,2,41.578,21.583056640625
JOB-Complex,04,MSCN selected-plan runtime,2,41.613,21.583056640625
JOB-Complex,05,MSCN selected-plan runtime,2,214.492,142.399
JOB-Complex,06,MSCN selected-plan runtime,2,39.348,30.1311953125
JOB-Complex,07,MSCN selected-plan runtime,2,47.798,30.1311953125
JOB-Complex,08,MSCN selected-plan runtime,2,159.546,65.10827734375
JOB-Complex,09,MSCN selected-plan runtime,2,156.584,111.8120546875
JOB-Complex,10,MSCN selected-plan runtime,2,75.899,125.5091796875
JOB-Complex,11,MSCN selected-plan runtime,2,235.069,144.701890625
JOB-Complex,12,MSCN selected-plan runtime,2,214.015,397.61328125
JOB-Complex,13,MSCN selected-plan runtime,2,175.675,114.3793515625
JOB-Complex,14,MSCN selected-plan runtime,2,524.852,90.411828125
JOB-Complex,15,MSCN selected-plan runtime,2,2017.972,535.4815625
JOB-Complex,16,MSCN selected-plan runtime,2,195.804,170.153046875
JOB-Complex,17,MSCN selected-plan runtime,2,311.191,117.0453359375
JOB-Complex,18,MSCN selected-plan runtime,2,107.867,169.937203125
JOB-Complex,19,MSCN selected-plan runtime,2,109.11,179.3065625
JOB-Complex,20,MSCN selected-plan runtime,2,77.722,73.0854609375
JOB-Complex,21,MSCN selected-plan runtime,2,141.041,136.419
JOB-Complex,22,MSCN selected-plan runtime,2,261.533,75.42378125
JOB-Complex,23,MSCN selected-plan runtime,2,342.435,297.39190625
JOB-Complex,24,MSCN selected-plan runtime,2,117.473,88.7140234375
JOB-Complex,25,MSCN selected-plan runtime,2,275.839,270.79571875
JOB-Complex,26,MSCN selected-plan runtime,2,67.407,246.939296875
JOB-Complex,27,MSCN selected-plan runtime,2,62.014,106.9776015625
JOB-Complex,28,MSCN selected-plan runtime,2,59.63,184.2323125
JOB-Complex,29,MSCN selected-plan runtime,2,301.167,209.241734375
JOB-Complex,30,MSCN selected-plan runtime,2,60.952,106.9776015625
JOB-Light,01,MSCN selected-plan runtime,3,296.668,40.621390625
JOB-Light,02,MSCN selected-plan runtime,3,34.145,44.79202734375
JOB-Light,03,MSCN selected-plan runtime,3,26.356,43.570125
JOB-Light,04,MSCN selected-plan runtime,3,28.89,43.481625
JOB-Light,05,MSCN selected-plan runtime,3,475.892,65.671140625
JOB-Light,06,MSCN selected-plan runtime,3,2794.714,288.60021875
JOB-Light,07,MSCN selected-plan runtime,3,1109.922,284.5435
JOB-Light,08,MSCN selected-plan runtime,3,1235.36,317.93353125
JOB-Light,09,MSCN selected-plan runtime,3,327.56,222.1643125
JOB-Light,10,MSCN selected-plan runtime,3,234.455,219.226796875
JOB-Light,11,MSCN selected-plan runtime,3,254.284,219.429890625
JOB-Light,12,MSCN selected-plan runtime,3,415.628,281.83528125
JOB-Light,13,MSCN selected-plan runtime,3,414.202,277.26953125
JOB-Light,14,MSCN selected-plan runtime,3,434.966,296.88521875
JOB-Light,15,MSCN selected-plan runtime,3,587.086,76.0828515625
JOB-Light,16,MSCN selected-plan runtime,3,2019.642,295.60459375
JOB-Light,17,MSCN selected-plan runtime,3,90.928,75.878734375
JOB-Light,18,MSCN selected-plan runtime,3,98.265,78.8110078125
JOB-Light,19,MSCN selected-plan runtime,3,1393.015,325.79484375
JOB-Light,20,MSCN selected-plan runtime,3,96.438,142.111671875
JOB-Light,21,MSCN selected-plan runtime,3,47.631,113.1093515625
JOB-Light,22,MSCN selected-plan runtime,3,98.74,150.4158125
JOB-Light,23,MSCN selected-plan runtime,3,335.578,271.6536875
JOB-Light,24,MSCN selected-plan runtime,3,256.154,195.5606875
JOB-Light,25,MSCN selected-plan runtime,3,142.14,173.2145625
JOB-Light,26,MSCN selected-plan runtime,3,232.006,119.174375
JOB-Light,27,MSCN selected-plan runtime,3,57.812,46.0267734375
JOB-Light,28,MSCN selected-plan runtime,3,380.61,348.87978125
JOB-Light,29,MSCN selected-plan runtime,3,355.966,342.82784375
JOB-Light,30,MSCN selected-plan runtime,3,570.903,276.97246875
JOB-Light,31,MSCN selected-plan runtime,3,86.783,97.94821875
JOB-Light,32,MSCN selected-plan runtime,3,80.659,75.908046875
JOB-Light,33,MSCN selected-plan runtime,3,409.149,191.30840625
JOB-Light,34,MSCN selected-plan runtime,3,161.979,114.46328125
JOB-Light,35,MSCN selected-plan runtime,3,41.224,43.678125
JOB-Light,36,MSCN selected-plan runtime,3,163.434,251.742234375
JOB-Light,37,MSCN selected-plan runtime,3,284.683,289.270375
JOB-Light,38,MSCN selected-plan runtime,3,257.014,230.45278125
JOB-Light,39,MSCN selected-plan runtime,3,319.285,287.2536875
JOB-Light,40,MSCN selected-plan runtime,3,323.619,216.220453125
JOB-Light,41,MSCN selected-plan runtime,3,1189.843,317.17703125
JOB-Light,42,MSCN selected-plan runtime,3,224.322,106.6760390625
JOB-Light,43,MSCN selected-plan runtime,3,1140.009,317.17703125
JOB-Light,44,MSCN selected-plan runtime,3,346.816,65.03393359375
JOB-Light,45,MSCN selected-plan runtime,3,407.414,221.297296875
JOB-Light,46,MSCN selected-plan runtime,3,133.646,140.988265625
JOB-Light,47,MSCN selected-plan runtime,3,534.969,386.43259375
JOB-Light,48,MSCN selected-plan runtime,3,189.771,98.7062578125
JOB-Light,49,MSCN selected-plan runtime,3,811.219,270.96596875
JOB-Light,50,MSCN selected-plan runtime,3,885.257,245.760859375
JOB-Light,51,MSCN selected-plan runtime,3,1374.992,347.77721875
JOB-Light,52,MSCN selected-plan runtime,3,1391.1,347.77721875
JOB-Light,53,MSCN selected-plan runtime,3,116.539,110.4274375
JOB-Light,54,MSCN selected-plan runtime,3,87.915,110.4274375
JOB-Light,55,MSCN selected-plan runtime,3,80.232,110.4274375
JOB-Light,56,MSCN selected-plan runtime,3,480.026,231.165046875
JOB-Light,57,MSCN selected-plan runtime,3,446.826,231.819421875
JOB-Light,58,MSCN selected-plan runtime,3,12857.255,279.50921875
JOB-Light,59,MSCN selected-plan runtime,3,126.887,64.58891015625
JOB-Light,60,MSCN selected-plan runtime,3,12555.4,287.2980625
JOB-Light,61,MSCN selected-plan runtime,3,1581.013,399.42159375
JOB-Light,62,MSCN selected-plan runtime,3,1463.798,329.57703125
JOB-Light,63,MSCN selected-plan runtime,3,1415.613,350.5383125
JOB-Light,64,MSCN selected-plan runtime,3,1385.56,327.90384375
JOB-Light,65,MSCN selected-plan runtime,3,81.031,70.335890625
JOB-Light,66,MSCN selected-plan runtime,3,730.021,232.046359375
JOB-Light,67,MSCN selected-plan runtime,3,677.212,232.0959375
JOB-Light,68,MSCN selected-plan runtime,3,236.561,144.2824375
JOB-Light,69,MSCN selected-plan runtime,3,170.541,144.2824375
JOB-Light,70,MSCN selected-plan runtime,3,1749.882,332.8945
JOB,1a,MSCN selected-plan runtime,3,353.739,130.2703984375
JOB,1b,MSCN selected-plan runtime,3,51.219,131.206125
JOB,1c,MSCN selected-plan runtime,3,323.194,147.939984375
JOB,1d,MSCN selected-plan runtime,3,565.052,294.59115625
JOB,2a,MSCN selected-plan runtime,3,54.348,53.25555078125
JOB,2b,MSCN selected-plan runtime,3,99.106,55.34855078125
JOB,2c,MSCN selected-plan runtime,3,58.227,53.25555078125
JOB,2d,MSCN selected-plan runtime,3,109.633,49.35880078125
JOB,3a,MSCN selected-plan runtime,3,61.614,49.4119296875
JOB,3b,MSCN selected-plan runtime,3,58.733,48.30635546875
JOB,3c,MSCN selected-plan runtime,3,50.003,49.8305390625
JOB,4a,MSCN selected-plan runtime,3,84.48,66.5846796875
JOB,4b,MSCN selected-plan runtime,3,60.334,62.78024609375
JOB,4c,MSCN selected-plan runtime,3,66.569,65.8552734375
JOB,5a,MSCN selected-plan runtime,3,684.626,103.6007421875
JOB,5b,MSCN selected-plan runtime,3,532.751,99.69459375
JOB,5c,MSCN selected-plan runtime,3,537.225,128.5261171875
JOB,6a,MSCN selected-plan runtime,3,228.394,63.4337734375
JOB,6b,MSCN selected-plan runtime,3,241.541,65.8736171875
JOB,6c,MSCN selected-plan runtime,3,228.471,57.6938515625
JOB,6d,MSCN selected-plan runtime,3,305.905,65.8736171875
JOB,6e,MSCN selected-plan runtime,3,137.837,63.4337734375
JOB,6f,MSCN selected-plan runtime,3,304.216,91.18021875
JOB,7a,MSCN selected-plan runtime,3,89.378,63.535484375
JOB,7b,MSCN selected-plan runtime,3,180.445,79.2582734375
JOB,7c,MSCN selected-plan runtime,3,460.782,129.165078125
JOB,8a,MSCN selected-plan runtime,3,91.877,105.320375
JOB,8b,MSCN selected-plan runtime,3,53.626,76.846203125
JOB,8c,MSCN selected-plan runtime,3,1043.198,798.049375
JOB,8d,MSCN selected-plan runtime,3,922.805,798.049375
JOB,9a,MSCN selected-plan runtime,3,292.952,95.6072734375
JOB,9b,MSCN selected-plan runtime,3,108.264,92.4890859375
JOB,9c,MSCN selected-plan runtime,3,274.618,221.961421875
JOB,9d,MSCN selected-plan runtime,3,534.158,580.337
JOB,10a,MSCN selected-plan runtime,3,376.511,246.0115
JOB,10b,MSCN selected-plan runtime,3,416.215,271.6531875
JOB,10c,MSCN selected-plan runtime,3,422.068,170.826015625
JOB,11a,MSCN selected-plan runtime,3,64.751,40.840625
JOB,11b,MSCN selected-plan runtime,3,11.04,36.74224609375
JOB,11c,MSCN selected-plan runtime,3,61.014,39.88325390625
JOB,11d,MSCN selected-plan runtime,3,97.669,58.0386484375
JOB,12a,MSCN selected-plan runtime,3,102.503,190.612890625
JOB,12b,MSCN selected-plan runtime,3,52.759,48.66358984375
JOB,12c,MSCN selected-plan runtime,3,171.07,164.586625
JOB,13a,MSCN selected-plan runtime,3,109.99,292.03978125
JOB,13b,MSCN selected-plan runtime,3,96.482,86.0419921875
JOB,13c,MSCN selected-plan runtime,3,5419.358,103.8348671875
JOB,13d,MSCN selected-plan runtime,3,926.137,402.69178125
JOB,14a,MSCN selected-plan runtime,3,241.662,47.53094921875
JOB,14b,MSCN selected-plan runtime,3,46.441,39.6720703125
JOB,14c,MSCN selected-plan runtime,3,247.314,50.80870703125
JOB,15a,MSCN selected-plan runtime,3,171.093,77.399734375
JOB,15b,MSCN selected-plan runtime,3,4.73,58.43319140625
JOB,15c,MSCN selected-plan runtime,3,552.638,322.229625
JOB,15d,MSCN selected-plan runtime,3,1080.951,260.393625
JOB,16a,MSCN selected-plan runtime,3,183.048,70.536734375
JOB,16b,MSCN selected-plan runtime,3,265.692,80.8749296875
JOB,16c,MSCN selected-plan runtime,3,390.221,75.05775
JOB,16d,MSCN selected-plan runtime,3,149.407,68.6946328125
JOB,17a,MSCN selected-plan runtime,3,127.353,60.72991015625
JOB,17b,MSCN selected-plan runtime,3,142.288,66.139390625
JOB,17c,MSCN selected-plan runtime,3,55.833,55.22965234375
JOB,17d,MSCN selected-plan runtime,3,286.321,66.9445546875
JOB,17e,MSCN selected-plan runtime,3,207.845,78.6904609375
JOB,17f,MSCN selected-plan runtime,3,298.232,66.9445546875
JOB,18a,MSCN selected-plan runtime,3,66.497,74.249484375
JOB,18b,MSCN selected-plan runtime,3,81.071,1446.124375
JOB,18c,MSCN selected-plan runtime,3,1644.448,1864.03725
JOB,19a,MSCN selected-plan runtime,3,108.726,85.191453125
JOB,19b,MSCN selected-plan runtime,3,105.821,80.16646875
JOB,19c,MSCN selected-plan runtime,3,1455.624,299.798125
JOB,19d,MSCN selected-plan runtime,3,749.225,414.04075
JOB,20a,MSCN selected-plan runtime,3,423.821,108.6180078125
JOB,20b,MSCN selected-plan runtime,3,408.783,101.0463359375
JOB,20c,MSCN selected-plan runtime,3,321.327,96.5383359375
JOB,21a,MSCN selected-plan runtime,3,44.521,28.637876953125
JOB,21b,MSCN selected-plan runtime,3,46.012,30.858388671875
JOB,21c,MSCN selected-plan runtime,3,49.769,58.34042578125
JOB,22a,MSCN selected-plan runtime,3,6312.983,73.6435
JOB,22b,MSCN selected-plan runtime,3,6328.451,73.6435
JOB,22c,MSCN selected-plan runtime,3,6351.209,73.468125
JOB,22d,MSCN selected-plan runtime,3,31208.087,73.4230234375
JOB,23a,MSCN selected-plan runtime,3,744.783,293.93053125
JOB,23b,MSCN selected-plan runtime,3,4000.927,67.10421875
JOB,23c,MSCN selected-plan runtime,3,520.504,288.79571875
JOB,24a,MSCN selected-plan runtime,3,133.8,84.349875
JOB,24b,MSCN selected-plan runtime,3,125.615,76.67059375
JOB,25a,MSCN selected-plan runtime,3,389.087,302.74740625
JOB,25b,MSCN selected-plan runtime,3,70.364,53.9940625
JOB,25c,MSCN selected-plan runtime,3,714.984,439.38596875
JOB,26a,MSCN selected-plan runtime,3,293.911,122.0743046875
JOB,26b,MSCN selected-plan runtime,3,422.892,125.4178984375
JOB,26c,MSCN selected-plan runtime,3,578.05,155.034890625
JOB,27a,MSCN selected-plan runtime,3,8.98,32.016
JOB,27b,MSCN selected-plan runtime,3,7.242,32.83737109375
JOB,27c,MSCN selected-plan runtime,3,53.129,63.83624609375
JOB,28a,MSCN selected-plan runtime,3,4359.126,81.303046875
JOB,28b,MSCN selected-plan runtime,3,148.26,77.8470859375
JOB,28c,MSCN selected-plan runtime,3,176.309,83.086125
JOB,29a,MSCN selected-plan runtime,3,159.861,72.2689921875
JOB,29b,MSCN selected-plan runtime,3,103.852,73.963546875
JOB,29c,MSCN selected-plan runtime,3,117.505,80.791828125
JOB,30a,MSCN selected-plan runtime,3,115.473,141.291390625
JOB,30b,MSCN selected-plan runtime,3,95.276,78.1918046875
JOB,30c,MSCN selected-plan runtime,3,109.908,160.315875
JOB,31a,MSCN selected-plan runtime,3,98.33,67.0279765625
JOB,31b,MSCN selected-plan runtime,3,106.943,46.43317578125
JOB,31c,MSCN selected-plan runtime,3,63.749,72.2905
JOB,32a,MSCN selected-plan runtime,3,74.737,64.03251953125
JOB,32b,MSCN selected-plan runtime,3,52.049,64.03251953125
JOB,33a,MSCN selected-plan runtime,3,1806.622,139.557953125
JOB,33b,MSCN selected-plan runtime,3,643.55,122.30059375
JOB,33c,MSCN selected-plan runtime,3,1072.959,157.8688125
JOB-Complex,01,MSCN selected-plan runtime,3,42.647,35.15525390625
JOB-Complex,02,MSCN selected-plan runtime,3,47.86,33.932125
JOB-Complex,03,MSCN selected-plan runtime,3,41.578,33.91090234375
JOB-Complex,04,MSCN selected-plan runtime,3,41.613,33.91090234375
JOB-Complex,05,MSCN selected-plan runtime,3,214.492,103.850125
JOB-Complex,06,MSCN selected-plan runtime,3,39.348,36.863265625
JOB-Complex,07,MSCN selected-plan runtime,3,47.798,36.863265625
JOB-Complex,08,MSCN selected-plan runtime,3,159.546,65.902015625
JOB-Complex,09,MSCN selected-plan runtime,3,156.584,81.25653125
JOB-Complex,10,MSCN selected-plan runtime,3,75.899,117.5801171875
JOB-Complex,11,MSCN selected-plan runtime,3,235.069,127.503296875
JOB-Complex,12,MSCN selected-plan runtime,3,214.015,456.5441875
JOB-Complex,13,MSCN selected-plan runtime,3,175.675,93.457125
JOB-Complex,14,MSCN selected-plan runtime,3,524.852,54.4388203125
JOB-Complex,15,MSCN selected-plan runtime,3,2017.972,584.4615
JOB-Complex,16,MSCN selected-plan runtime,3,195.804,129.63215625
JOB-Complex,17,MSCN selected-plan runtime,3,311.191,105.7563828125
JOB-Complex,18,MSCN selected-plan runtime,3,107.867,204.642765625
JOB-Complex,19,MSCN selected-plan runtime,3,109.11,124.47415625
JOB-Complex,20,MSCN selected-plan runtime,3,77.722,76.4902734375
JOB-Complex,21,MSCN selected-plan runtime,3,141.041,145.651546875
JOB-Complex,22,MSCN selected-plan runtime,3,261.533,72.9763203125
JOB-Complex,23,MSCN selected-plan runtime,3,342.435,352.49609375
JOB-Complex,24,MSCN selected-plan runtime,3,117.473,72.6821796875
JOB-Complex,25,MSCN selected-plan runtime,3,275.839,294.477125
JOB-Complex,26,MSCN selected-plan runtime,3,67.407,330.5285625
JOB-Complex,27,MSCN selected-plan runtime,3,62.014,76.4265390625
JOB-Complex,28,MSCN selected-plan runtime,3,59.63,207.932421875
JOB-Complex,29,MSCN selected-plan runtime,3,301.167,232.778234375
JOB-Complex,30,MSCN selected-plan runtime,3,60.952,76.4265390625
