query_id,prediction_us,actual_us,prediction_ms,actual_ms,q_error,source,sql_path
01,41578.75,296668,41.57875,296.668,7.135087033640983,job_light,C:\Users\vanya\Documents\DATA_SYS_LAB\test44\final_benchmarks\test42_100k_exportpatch\queries\job_light\01.sql
02,44885.4609375,34145,44.8854609375,34.145,1.3145544278078782,job_light,C:\Users\vanya\Documents\DATA_SYS_LAB\test44\final_benchmarks\test42_100k_exportpatch\queries\job_light\02.sql
03,44158.36328125,26356,44.15836328125,26.356,1.6754577053137805,job_light,C:\Users\vanya\Documents\DATA_SYS_LAB\test44\final_benchmarks\test42_100k_exportpatch\queries\job_light\03.sql
04,43970.43359375,28890,43.97043359375,28.89,1.5219949322862583,job_light,C:\Users\vanya\Documents\DATA_SYS_LAB\test44\final_benchmarks\test42_100k_exportpatch\queries\job_light\04.sql
05,73690.71875,475892,73.69071875,475.892,6.45796388028852,job_light,C:\Users\vanya\Documents\DATA_SYS_LAB\test44\final_benchmarks\test42_100k_exportpatch\queries\job_light\05.sql
06,361911.9375,2794714,361.9119375,2794.714,7.7220829445560915,job_light,C:\Users\vanya\Documents\DATA_SYS_LAB\test44\final_benchmarks\test42_100k_exportpatch\queries\job_light\06.sql
07,372069.34375,1109922,372.06934375,1109.922,2.983105215854,job_light,C:\Users\vanya\Documents\DATA_SYS_LAB\test44\final_benchmarks\test42_100k_exportpatch\queries\job_light\07.sql
08,359388.78125,1235360,359.38878125,1235.36,3.4373916617632316,job_light,C:\Users\vanya\Documents\DATA_SYS_LAB\test44\final_benchmarks\test42_100k_exportpatch\queries\job_light\08.sql
09,237206.453125,327560,237.206453125,327.56,1.3809067826134842,job_light,C:\Users\vanya\Documents\DATA_SYS_LAB\test44\final_benchmarks\test42_100k_exportpatch\queries\job_light\09.sql
10,240452.03125,234455,240.45203125,234.455,1.0255786025036788,job_light,C:\Users\vanya\Documents\DATA_SYS_LAB\test44\final_benchmarks\test42_100k_exportpatch\queries\job_light\10.sql
11,236327.171875,254284,236.327171875,254.284,1.075982918013752,job_light,C:\Users\vanya\Documents\DATA_SYS_LAB\test44\final_benchmarks\test42_100k_exportpatch\queries\job_light\11.sql
12,354715.34375,415628,354.71534375,415.628,1.1717226427423186,job_light,C:\Users\vanya\Documents\DATA_SYS_LAB\test44\final_benchmarks\test42_100k_exportpatch\queries\job_light\12.sql
13,358666.6875,414202,358.6666875,414.202,1.1548382228834675,job_light,C:\Users\vanya\Documents\DATA_SYS_LAB\test44\final_benchmarks\test42_100k_exportpatch\queries\job_light\13.sql
14,353634.125,434966,353.634125,434.966,1.2299887631036739,job_light,C:\Users\vanya\Documents\DATA_SYS_LAB\test44\final_benchmarks\test42_100k_exportpatch\queries\job_light\14.sql
15,96031.1953125,587086,96.0311953125,587.086,6.113492580088518,job_light,C:\Users\vanya\Documents\DATA_SYS_LAB\test44\final_benchmarks\test42_100k_exportpatch\queries\job_light\15.sql
16,395481.5,2019642,395.4815,2019.642,5.106792605975248,job_light,C:\Users\vanya\Documents\DATA_SYS_LAB\test44\final_benchmarks\test42_100k_exportpatch\queries\job_light\16.sql
17,97045.09375,90928,97.04509375,90.928,1.067274038250044,job_light,C:\Users\vanya\Documents\DATA_SYS_LAB\test44\final_benchmarks\test42_100k_exportpatch\queries\job_light\17.sql
18,95597.796875,98265,95.597796875,98.265,1.0279002572463833,job_light,C:\Users\vanya\Documents\DATA_SYS_LAB\test44\final_benchmarks\test42_100k_exportpatch\queries\job_light\18.sql
19,376735.34375,1393015,376.73534375,1393.015,3.6975957342733388,job_light,C:\Users\vanya\Documents\DATA_SYS_LAB\test44\final_benchmarks\test42_100k_exportpatch\queries\job_light\19.sql
20,143020.15625,96438,143.02015625,96.438,1.4830269836578942,job_light,C:\Users\vanya\Documents\DATA_SYS_LAB\test44\final_benchmarks\test42_100k_exportpatch\queries\job_light\20.sql
21,107360.7578125,47631,107.3607578125,47.631,2.254010157512964,job_light,C:\Users\vanya\Documents\DATA_SYS_LAB\test44\final_benchmarks\test42_100k_exportpatch\queries\job_light\21.sql
22,124375.4375,98740,124.3754375,98.74,1.259625658294511,job_light,C:\Users\vanya\Documents\DATA_SYS_LAB\test44\final_benchmarks\test42_100k_exportpatch\queries\job_light\22.sql
23,186293.796875,335578,186.293796875,335.578,1.8013374875018904,job_light,C:\Users\vanya\Documents\DATA_SYS_LAB\test44\final_benchmarks\test42_100k_exportpatch\queries\job_light\23.sql
24,187197.09375,256154,187.19709375,256.154,1.3683652607454009,job_light,C:\Users\vanya\Documents\DATA_SYS_LAB\test44\final_benchmarks\test42_100k_exportpatch\queries\job_light\24.sql
25,119646.859375,142140,119.646859375,142.14,1.1879960806534962,job_light,C:\Users\vanya\Documents\DATA_SYS_LAB\test44\final_benchmarks\test42_100k_exportpatch\queries\job_light\25.sql
26,112613.15625,232006,112.61315625,232.006,2.060203334368403,job_light,C:\Users\vanya\Documents\DATA_SYS_LAB\test44\final_benchmarks\test42_100k_exportpatch\queries\job_light\26.sql
27,110387.640625,57812,110.387640625,57.812,1.9094243517781775,job_light,C:\Users\vanya\Documents\DATA_SYS_LAB\test44\final_benchmarks\test42_100k_exportpatch\queries\job_light\27.sql
28,366378.1875,380610,366.3781875,380.61,1.0388445955178487,job_light,C:\Users\vanya\Documents\DATA_SYS_LAB\test44\final_benchmarks\test42_100k_exportpatch\queries\job_light\28.sql
29,364510.84375,355966,364.51084375,355.966,1.0240046626644117,job_light,C:\Users\vanya\Documents\DATA_SYS_LAB\test44\final_benchmarks\test42_100k_exportpatch\queries\job_light\29.sql
30,311951.28125,570903,311.95128125,570.903,1.8301030779946508,job_light,C:\Users\vanya\Documents\DATA_SYS_LAB\test44\final_benchmarks\test42_100k_exportpatch\queries\job_light\30.sql
31,68884.421875,86783,68.884421875,86.783,1.2598349182269304,job_light,C:\Users\vanya\Documents\DATA_SYS_LAB\test44\final_benchmarks\test42_100k_exportpatch\queries\job_light\31.sql
32,61796.2578125,80659,61.7962578125,80.659,1.305240848802409,job_light,C:\Users\vanya\Documents\DATA_SYS_LAB\test44\final_benchmarks\test42_100k_exportpatch\queries\job_light\32.sql
33,201536.15625,409149,201.53615625,409.149,2.030151847753125,job_light,C:\Users\vanya\Documents\DATA_SYS_LAB\test44\final_benchmarks\test42_100k_exportpatch\queries\job_light\33.sql
34,60882.01953125,161979,60.88201953125,161.979,2.6605392075875236,job_light,C:\Users\vanya\Documents\DATA_SYS_LAB\test44\final_benchmarks\test42_100k_exportpatch\queries\job_light\34.sql
35,43130.91015625,41224,43.13091015625,41.224,1.0462572811044537,job_light,C:\Users\vanya\Documents\DATA_SYS_LAB\test44\final_benchmarks\test42_100k_exportpatch\queries\job_light\35.sql
36,271392.65625,163434,271.39265625,163.434,1.6605642415286905,job_light,C:\Users\vanya\Documents\DATA_SYS_LAB\test44\final_benchmarks\test42_100k_exportpatch\queries\job_light\36.sql
37,311554.0625,284683,311.5540625,284.683,1.0943894173519317,job_light,C:\Users\vanya\Documents\DATA_SYS_LAB\test44\final_benchmarks\test42_100k_exportpatch\queries\job_light\37.sql
38,407644.9375,257014,407.6449375,257.014,1.5860806707027633,job_light,C:\Users\vanya\Documents\DATA_SYS_LAB\test44\final_benchmarks\test42_100k_exportpatch\queries\job_light\38.sql
39,456869.5,319285,456.8695,319.285,1.4309143868330803,job_light,C:\Users\vanya\Documents\DATA_SYS_LAB\test44\final_benchmarks\test42_100k_exportpatch\queries\job_light\39.sql
40,262566.59375,323619,262.56659375,323.619,1.2325216067209617,job_light,C:\Users\vanya\Documents\DATA_SYS_LAB\test44\final_benchmarks\test42_100k_exportpatch\queries\job_light\40.sql
41,344793.46875,1189843,344.79346875,1189.843,3.450886132830786,job_light,C:\Users\vanya\Documents\DATA_SYS_LAB\test44\final_benchmarks\test42_100k_exportpatch\queries\job_light\41.sql
42,140800.6875,224322,140.8006875,224.322,1.5931882434878026,job_light,C:\Users\vanya\Documents\DATA_SYS_LAB\test44\final_benchmarks\test42_100k_exportpatch\queries\job_light\42.sql
43,344793.46875,1140009,344.79346875,1140.009,3.30635323265531,job_light,C:\Users\vanya\Documents\DATA_SYS_LAB\test44\final_benchmarks\test42_100k_exportpatch\queries\job_light\43.sql
44,72689.8046875,346816,72.6898046875,346.816,4.771178041968789,job_light,C:\Users\vanya\Documents\DATA_SYS_LAB\test44\final_benchmarks\test42_100k_exportpatch\queries\job_light\44.sql
45,339835.03125,407414,339.83503125,407.414,1.1988581592116248,job_light,C:\Users\vanya\Documents\DATA_SYS_LAB\test44\final_benchmarks\test42_100k_exportpatch\queries\job_light\45.sql
46,135657.59375,133646,135.65759375,133.646,1.01505165698936,job_light,C:\Users\vanya\Documents\DATA_SYS_LAB\test44\final_benchmarks\test42_100k_exportpatch\queries\job_light\46.sql
47,482749.25,534969,482.74925,534.969,1.108171581830526,job_light,C:\Users\vanya\Documents\DATA_SYS_LAB\test44\final_benchmarks\test42_100k_exportpatch\queries\job_light\47.sql
48,93132.296875,189771,93.132296875,189.771,2.0376497344922804,job_light,C:\Users\vanya\Documents\DATA_SYS_LAB\test44\final_benchmarks\test42_100k_exportpatch\queries\job_light\48.sql
49,262873.03125,811219,262.87303125,811.219,3.085972707593982,job_light,C:\Users\vanya\Documents\DATA_SYS_LAB\test44\final_benchmarks\test42_100k_exportpatch\queries\job_light\49.sql
50,240992.46875,885257,240.99246875,885.257,3.673380353302016,job_light,C:\Users\vanya\Documents\DATA_SYS_LAB\test44\final_benchmarks\test42_100k_exportpatch\queries\job_light\50.sql
51,568660.875,1374992,568.660875,1374.992,2.4179472519539873,job_light,C:\Users\vanya\Documents\DATA_SYS_LAB\test44\final_benchmarks\test42_100k_exportpatch\queries\job_light\51.sql
52,568660.875,1391100,568.660875,1391.1,2.4462734490042064,job_light,C:\Users\vanya\Documents\DATA_SYS_LAB\test44\final_benchmarks\test42_100k_exportpatch\queries\job_light\52.sql
53,68191.90625,116539,68.19190625,116.539,1.7089858079748284,job_light,C:\Users\vanya\Documents\DATA_SYS_LAB\test44\final_benchmarks\test42_100k_exportpatch\queries\job_light\53.sql
54,68191.90625,87915,68.19190625,87.915,1.2892292477892124,job_light,C:\Users\vanya\Documents\DATA_SYS_LAB\test44\final_benchmarks\test42_100k_exportpatch\queries\job_light\54.sql
55,68191.90625,80232,68.19190625,80.232,1.17656191785957,job_light,C:\Users\vanya\Documents\DATA_SYS_LAB\test44\final_benchmarks\test42_100k_exportpatch\queries\job_light\55.sql
56,295354.34375,480026,295.35434375,480.026,1.6252545803298348,job_light,C:\Users\vanya\Documents\DATA_SYS_LAB\test44\final_benchmarks\test42_100k_exportpatch\queries\job_light\56.sql
57,296065.0,446826,296.065,446.826,1.5092158816476111,job_light,C:\Users\vanya\Documents\DATA_SYS_LAB\test44\final_benchmarks\test42_100k_exportpatch\queries\job_light\57.sql
58,320136.34375,12857255,320.13634375,12857.255,40.16180996319635,job_light,C:\Users\vanya\Documents\DATA_SYS_LAB\test44\final_benchmarks\test42_100k_exportpatch\queries\job_light\58.sql
59,50818.734375,126887,50.818734375,126.887,2.496854783192345,job_light,C:\Users\vanya\Documents\DATA_SYS_LAB\test44\final_benchmarks\test42_100k_exportpatch\queries\job_light\59.sql
60,312950.6875,12555400,312.9506875,12555.4,40.11941977280366,job_light,C:\Users\vanya\Documents\DATA_SYS_LAB\test44\final_benchmarks\test42_100k_exportpatch\queries\job_light\60.sql
61,500167.71875,1581013,500.16771875,1581.013,3.160965693570163,job_light,C:\Users\vanya\Documents\DATA_SYS_LAB\test44\final_benchmarks\test42_100k_exportpatch\queries\job_light\61.sql
62,508376.25,1463798,508.37625,1463.798,2.879359529482347,job_light,C:\Users\vanya\Documents\DATA_SYS_LAB\test44\final_benchmarks\test42_100k_exportpatch\queries\job_light\62.sql
63,533154.4375,1415613,533.1544375,1415.613,2.6551649961649244,job_light,C:\Users\vanya\Documents\DATA_SYS_LAB\test44\final_benchmarks\test42_100k_exportpatch\queries\job_light\63.sql
64,574346.5,1385560,574.3465,1385.56,2.4124113231298527,job_light,C:\Users\vanya\Documents\DATA_SYS_LAB\test44\final_benchmarks\test42_100k_exportpatch\queries\job_light\64.sql
65,53559.46875,81031,53.55946875,81.031,1.5129164252586056,job_light,C:\Users\vanya\Documents\DATA_SYS_LAB\test44\final_benchmarks\test42_100k_exportpatch\queries\job_light\65.sql
66,288602.96875,730021,288.60296875,730.021,2.5294992742516618,job_light,C:\Users\vanya\Documents\DATA_SYS_LAB\test44\final_benchmarks\test42_100k_exportpatch\queries\job_light\66.sql
67,293055.59375,677212,293.05559375,677.212,2.310865291237936,job_light,C:\Users\vanya\Documents\DATA_SYS_LAB\test44\final_benchmarks\test42_100k_exportpatch\queries\job_light\67.sql
68,122153.4921875,236561,122.1534921875,236.561,1.9365881053722944,job_light,C:\Users\vanya\Documents\DATA_SYS_LAB\test44\final_benchmarks\test42_100k_exportpatch\queries\job_light\68.sql
69,122153.4921875,170541,122.1534921875,170.541,1.396120544292155,job_light,C:\Users\vanya\Documents\DATA_SYS_LAB\test44\final_benchmarks\test42_100k_exportpatch\queries\job_light\69.sql
70,497669.28125,1749882,497.66928125,1749.882,3.5161543336667416,job_light,C:\Users\vanya\Documents\DATA_SYS_LAB\test44\final_benchmarks\test42_100k_exportpatch\queries\job_light\70.sql
