workload,seed,count,mean,median,p90,p95,p99,max
JOB-Light,1,70,3.872153,1.678819,11.964199,12.237587,12.767876,12.965082
JOB-Light,2,70,3.769792,2.378561,7.745979,11.173213,15.745942,16.655942
JOB-Light,3,70,4.18811,2.501074,11.794777,13.333156,15.331986,16.82708
JOB,1,113,291.1476,5.94048,62.692098,113.857895,1292.37,27262.4
JOB,2,113,173.845573,5.061449,55.800803,157.484819,671.228452,16644.2
JOB,3,113,101.685534,6.123452,46.031711,83.75657,182.794627,9626.69
JOB-Complex,1,30,1919.43,17.646803,149.085224,4040.2,37115.9,49485.3
JOB-Complex,2,30,371.41305,3.397252,638.277363,1592.14,5307.94,6820.06
JOB-Complex,3,30,746.134654,5.270873,130.693694,3193.26,12890.6,15953.2
