"workload","seed","query_count","mean","median","p90","p95","p99","max"
"JOB-Light","1","70","3.333221","1.692222","4.804739","6.830382","40.132561","40.16181"
"JOB-Light","2","70","3.536472","1.643058","4.634304","6.967269","40.861284","42.568138"
"JOB-Light","3","70","3.747969","1.646354","5.482786","7.530483","44.413953","45.999395"
"JOB","1","113","7.687867","1.852447","5.445904","36.927114","66.080411","291.940041"
"JOB","2","113","8.504599","1.78227","5.810216","36.493169","74.812173","358.873938"
"JOB","3","113","10.027679","2.122003","6.355415","52.76156","86.386709","425.044973"
"JOB-Complex","1","30","2.101553","1.478512","3.994288","4.938244","7.368249","8.175461"
"JOB-Complex","2","30","2.031882","1.648495","3.487103","3.721218","5.214509","5.805125"
"JOB-Complex","3","30","2.11204","1.529812","3.49672","4.309624","8.267213","9.641135"
